tf,edge,direction,entry_time,exit_time,entry,exit,pnl
M1,IMBALANCE,1,2026-07-27 08:01:00.159000+00:00,2026-07-27 08:06:00.124000+00:00,4092.005,4089.0,-3.005000000000109
M1,IMBALANCE,-1,2026-07-27 10:11:00.095000+00:00,2026-07-27 10:16:00.107000+00:00,4091.24,4089.59,1.6499999999996362
M1,IMBALANCE,-1,2026-07-27 10:12:00.329000+00:00,2026-07-27 10:17:01.948000+00:00,4086.6949999999997,4091.38,-4.6850000000004
M1,IMBALANCE,1,2026-07-27 10:13:00.121000+00:00,2026-07-27 10:18:00.135000+00:00,4089.42,4090.935,1.5149999999998727
M1,IMBALANCE,1,2026-07-27 11:31:00.167000+00:00,2026-07-27 11:36:00.347000+00:00,4099.625,4098.385,-1.2399999999997817
M1,IMBALANCE,-1,2026-07-27 12:11:00.003000+00:00,2026-07-27 12:16:00.057000+00:00,4091.395,4087.23,4.164999999999964
M1,IMBALANCE,-1,2026-07-27 12:14:00.268000+00:00,2026-07-27 12:19:00.123000+00:00,4087.575,4086.46,1.1149999999997817
M1,IMBALANCE,1,2026-07-27 13:03:00.093000+00:00,2026-07-27 13:08:00+00:00,4088.3599999999997,4084.38,-3.9799999999995634
M1,IMBALANCE,-1,2026-07-27 13:07:00.078000+00:00,2026-07-27 13:12:00.014000+00:00,4082.4049999999997,4084.3050000000003,-1.9000000000005457
M1,IMBALANCE,-1,2026-07-27 13:29:00.046000+00:00,2026-07-27 13:34:00.101000+00:00,4076.8450000000003,4078.545,-1.699999999999818
M1,IMBALANCE,1,2026-07-27 13:31:00.102000+00:00,2026-07-27 13:36:00.107000+00:00,4079.7200000000003,4081.395,1.6749999999997272
M1,IMBALANCE,1,2026-07-27 13:39:00.008000+00:00,2026-07-27 13:44:00.129000+00:00,4085.705,4085.425,-0.27999999999974534
M1,IMBALANCE,-1,2026-07-27 13:56:00.044000+00:00,2026-07-27 14:01:00.133000+00:00,4079.795,4073.045,6.75
M1,IMBALANCE,1,2026-07-27 16:26:00.002000+00:00,2026-07-27 16:31:00.122000+00:00,4088.3450000000003,4089.465,1.1199999999998909
M1,IMBALANCE,1,2026-07-27 18:42:00.157000+00:00,2026-07-27 18:47:01.107000+00:00,4078.01,4075.62,-2.3900000000003274
M1,IMBALANCE,-1,2026-07-27 19:51:00.124000+00:00,2026-07-27 19:56:00.054000+00:00,4087.755,4086.495,1.2600000000002183
M1,IMBALANCE,1,2026-07-28 08:03:00.297000+00:00,2026-07-28 08:08:00.280000+00:00,4052.425,4052.0950000000003,-0.32999999999992724
M1,IMBALANCE,1,2026-07-28 08:07:00.679000+00:00,2026-07-28 08:12:00.282000+00:00,4054.7,4044.26,-10.4399999999996
M1,IMBALANCE,-1,2026-07-28 08:12:00.282000+00:00,2026-07-28 08:17:00.126000+00:00,4044.26,4047.785,-3.524999999999636
M1,IMBALANCE,-1,2026-07-28 09:58:00.168000+00:00,2026-07-28 10:03:00.262000+00:00,4020.955,4024.665,-3.7100000000000364
M1,IMBALANCE,1,2026-07-28 11:16:00.059000+00:00,2026-07-28 11:21:00.093000+00:00,4029.32,4029.675,0.3550000000000182
M1,IMBALANCE,1,2026-07-28 13:01:00.129000+00:00,2026-07-28 13:06:00.155000+00:00,4032.005,4031.62,-0.3850000000002183
M1,IMBALANCE,-1,2026-07-28 13:37:00.111000+00:00,2026-07-28 13:42:00.108000+00:00,4026.565,4023.17,3.394999999999982
M1,IMBALANCE,1,2026-07-28 13:49:00.020000+00:00,2026-07-28 13:54:00.050000+00:00,4025.385,4026.9700000000003,1.5850000000000364
M1,IMBALANCE,-1,2026-07-28 13:56:00.146000+00:00,2026-07-28 14:01:01.264000+00:00,4024.45,4026.0150000000003,-1.5650000000005093
M1,IMBALANCE,-1,2026-07-28 14:22:00.001000+00:00,2026-07-28 14:27:00.034000+00:00,4013.5550000000003,4018.045,-4.489999999999782
M1,IMBALANCE,1,2026-07-28 15:21:00.122000+00:00,2026-07-28 15:26:00.286000+00:00,4039.54,4037.1549999999997,-2.3850000000002183
M1,IMBALANCE,-1,2026-07-28 17:22:00.532000+00:00,2026-07-28 17:27:00.079000+00:00,4038.615,4038.24,0.375
M1,IMBALANCE,-1,2026-07-29 08:10:00.104000+00:00,2026-07-29 08:15:00.796000+00:00,4041.1800000000003,4039.295,1.8850000000002183
M1,IMBALANCE,-1,2026-07-29 08:25:00.111000+00:00,2026-07-29 08:30:00.135000+00:00,4037.755,4037.37,0.3850000000002183
M1,IMBALANCE,-1,2026-07-29 09:31:00.127000+00:00,2026-07-29 09:36:00.005000+00:00,4031.96,4033.77,-1.8099999999999454
M1,IMBALANCE,1,2026-07-29 11:48:00.082000+00:00,2026-07-29 11:53:00.114000+00:00,4033.3450000000003,4033.52,0.17499999999972715
M1,IMBALANCE,-1,2026-07-29 12:17:00.168000+00:00,2026-07-29 12:22:00.070000+00:00,4022.39,4017.545,4.8449999999998
M1,IMBALANCE,-1,2026-07-29 12:20:00.089000+00:00,2026-07-29 12:25:00.163000+00:00,4018.98,4016.105,2.875
M1,IMBALANCE,1,2026-07-29 13:01:00.151000+00:00,2026-07-29 13:06:00.145000+00:00,4025.06,4017.965,-7.0949999999998
M1,IMBALANCE,-1,2026-07-29 14:01:00.148000+00:00,2026-07-29 14:06:00.140000+00:00,4003.265,4004.905,-1.6400000000003274
M1,IMBALANCE,1,2026-07-29 16:56:00.147000+00:00,2026-07-29 17:01:00.139000+00:00,4029.26,4030.38,1.1199999999998909
M1,IMBALANCE,1,2026-07-29 16:57:00.152000+00:00,2026-07-29 17:02:00.099000+00:00,4031.7,4031.975,0.27500000000009095
M1,IMBALANCE,-1,2026-07-29 16:58:00.084000+00:00,2026-07-29 17:03:00.061000+00:00,4029.135,4030.585,-1.449999999999818
M1,IMBALANCE,1,2026-07-29 17:01:00.139000+00:00,2026-07-29 17:06:00.122000+00:00,4030.38,4036.7250000000004,6.345000000000255
M1,IMBALANCE,1,2026-07-29 17:05:00.068000+00:00,2026-07-29 17:10:00.060000+00:00,4037.05,4038.715,1.6649999999999636
M1,IMBALANCE,-1,2026-07-29 17:15:00.094000+00:00,2026-07-29 17:20:00.060000+00:00,4042.125,4045.25,-3.125
M1,IMBALANCE,-1,2026-07-29 17:29:00.092000+00:00,2026-07-29 17:34:00.094000+00:00,4039.295,4040.575,-1.2799999999997453
M1,IMBALANCE,1,2026-07-29 18:01:00.090000+00:00,2026-07-29 18:06:00.003000+00:00,4076.8900000000003,4076.12,-0.7700000000004366
M1,IMBALANCE,-1,2026-07-29 18:32:00.052000+00:00,2026-07-29 18:37:00.021000+00:00,4059.43,4060.875,-1.4450000000001637
M1,IMBALANCE,1,2026-07-30 07:02:00.463000+00:00,2026-07-30 07:07:00.046000+00:00,4043.41,4044.86,1.4500000000002728
M1,IMBALANCE,1,2026-07-30 12:26:00.127000+00:00,2026-07-30 12:31:00.725000+00:00,4078.46,4079.355,0.8949999999999818
M1,IMBALANCE,-1,2026-07-30 12:53:00.080000+00:00,2026-07-30 12:58:00.188000+00:00,4069.4750000000004,4072.0150000000003,-2.5399999999999636
M1,IMBALANCE,1,2026-07-30 13:08:00.072000+00:00,2026-07-30 13:13:00.046000+00:00,4076.085,4072.96,-3.125
M1,IMBALANCE,-1,2026-07-30 13:35:00.098000+00:00,2026-07-30 13:40:00.100000+00:00,4075.76,4091.4300000000003,-15.670000000000073
M1,IMBALANCE,1,2026-07-30 13:37:00.113000+00:00,2026-07-30 13:42:00.031000+00:00,4084.175,4091.38,7.204999999999927
M1,IMBALANCE,1,2026-07-30 13:38:00.132000+00:00,2026-07-30 13:43:00.132000+00:00,4093.995,4093.34,-0.6549999999997453
M1,IMBALANCE,-1,2026-07-30 13:45:00.068000+00:00,2026-07-30 13:50:00.182000+00:00,4088.935,4094.895,-5.960000000000036
M1,IMBALANCE,1,2026-07-30 17:37:00.026000+00:00,2026-07-30 17:42:00.074000+00:00,4106.535,4106.11,-0.4250000000001819
M1,IMBALANCE,-1,2026-07-30 20:01:00.052000+00:00,2026-07-30 20:06:00.143000+00:00,4110.355,4114.79,-4.4350000000004
M1,IMBALANCE,1,2026-07-30 20:02:00.110000+00:00,2026-07-30 20:07:00.146000+00:00,4115.225,4115.08,-0.14500000000043656
M1,IMBALANCE,-1,2026-07-30 20:31:00.094000+00:00,2026-07-30 20:36:00.239000+00:00,4110.01,4107.385,2.625
M1,IMBALANCE,1,2026-07-31 06:17:00.079000+00:00,2026-07-31 06:22:00.293000+00:00,4085.515,4084.9449999999997,-0.5700000000001637
M1,IMBALANCE,1,2026-07-31 07:05:00.103000+00:00,2026-07-31 07:10:00.008000+00:00,4077.975,4078.4449999999997,0.4699999999997999
M1,IMBALANCE,1,2026-07-31 08:56:00.016000+00:00,2026-07-31 09:01:00.083000+00:00,4060.945,4062.9750000000004,2.0300000000002
M1,IMBALANCE,1,2026-07-31 09:01:00.083000+00:00,2026-07-31 09:06:00.108000+00:00,4062.9750000000004,4060.175,-2.800000000000182
M1,IMBALANCE,-1,2026-07-31 09:05:00.079000+00:00,2026-07-31 09:10:00.002000+00:00,4060.6549999999997,4057.81,2.8449999999998
M1,IMBALANCE,-1,2026-07-31 12:32:00.046000+00:00,2026-07-31 12:37:00.088000+00:00,4048.585,4048.235,0.34999999999990905
M1,IMBALANCE,1,2026-07-31 13:02:00.127000+00:00,2026-07-31 13:07:00.042000+00:00,4040.415,4038.235,-2.1799999999998363
M1,IMBALANCE,-1,2026-07-31 13:06:00.126000+00:00,2026-07-31 13:11:00.127000+00:00,4036.855,4037.9449999999997,-1.0899999999996908
M1,IMBALANCE,-1,2026-07-31 13:31:00.028000+00:00,2026-07-31 13:36:00.216000+00:00,4039.9350000000004,4033.065,6.870000000000346
M1,IMBALANCE,-1,2026-07-31 13:40:00.068000+00:00,2026-07-31 13:45:00.128000+00:00,4027.715,4025.0299999999997,2.6850000000004
M1,IMBALANCE,1,2026-07-31 14:10:00.006000+00:00,2026-07-31 14:15:00.060000+00:00,4027.19,4032.055,4.864999999999782
M1,IMBALANCE,-1,2026-07-31 19:51:00.149000+00:00,2026-07-31 19:56:00.213000+00:00,4053.0550000000003,4050.915,2.1400000000003274
M1,IMBALANCE,-1,2026-07-31 19:53:00.004000+00:00,2026-07-31 19:58:00.090000+00:00,4051.3549999999996,4052.08,-0.7250000000003638
M1,IMBALANCE,-1,2026-07-31 20:54:00.062000+00:00,2026-07-31 20:59:00.120000+00:00,4048.255,4045.2200000000003,3.0349999999998545
M1,IMBALANCE,-1,2026-08-03 07:18:00.077000+00:00,2026-08-03 07:23:00.107000+00:00,4054.915,4055.2200000000003,-0.30500000000029104
M1,IMBALANCE,-1,2026-08-03 09:22:00.147000+00:00,2026-08-03 09:27:00.107000+00:00,4055.085,4053.3950000000004,1.6899999999995998
M1,IMBALANCE,-1,2026-08-03 09:31:00.150000+00:00,2026-08-03 09:36:00.189000+00:00,4050.01,4049.61,0.40000000000009095
M1,IMBALANCE,-1,2026-08-03 12:41:00.073000+00:00,2026-08-03 12:46:00.317000+00:00,4043.9350000000004,4046.315,-2.3799999999996544
M1,IMBALANCE,-1,2026-08-03 13:02:00.089000+00:00,2026-08-03 13:07:00+00:00,4045.71,4043.4449999999997,2.2650000000003274
M1,IMBALANCE,-1,2026-08-03 13:03:00.046000+00:00,2026-08-03 13:08:00.254000+00:00,4041.8199999999997,4043.895,-2.075000000000273
M1,IMBALANCE,1,2026-08-03 13:06:00.045000+00:00,2026-08-03 13:11:00.249000+00:00,4046.06,4043.635,-2.424999999999727
M1,IMBALANCE,-1,2026-08-03 13:07:00+00:00,2026-08-03 13:12:00.061000+00:00,4043.4449999999997,4044.145,-0.7000000000002728
M1,IMBALANCE,-1,2026-08-03 13:33:00.080000+00:00,2026-08-03 13:38:00.124000+00:00,4030.2799999999997,4025.8,4.479999999999563
M1,IMBALANCE,-1,2026-08-03 13:36:00.120000+00:00,2026-08-03 13:41:00.181000+00:00,4027.835,4028.83,-0.9949999999998909
M1,IMBALANCE,1,2026-08-03 19:01:00.196000+00:00,2026-08-03 19:06:00.107000+00:00,4046.17,4048.0550000000003,1.8850000000002183
M1,IMBALANCE,1,2026-08-04 07:02:00.068000+00:00,2026-08-04 07:07:00.226000+00:00,4065.0950000000003,4064.6549999999997,-0.4400000000005093
M1,IMBALANCE,1,2026-08-04 08:04:00.146000+00:00,2026-08-04 08:09:00.317000+00:00,4071.83,4070.1949999999997,-1.6350000000002183
M1,IMBALANCE,-1,2026-08-04 08:05:00.175000+00:00,2026-08-04 08:10:00.040000+00:00,4069.975,4069.285,0.6900000000000546
M1,IMBALANCE,1,2026-08-04 10:45:00.091000+00:00,2026-08-04 10:50:00.159000+00:00,4052.815,4058.3050000000003,5.4900000000002365
M1,IMBALANCE,1,2026-08-04 10:46:00.235000+00:00,2026-08-04 10:51:00.144000+00:00,4056.575,4055.91,-0.6649999999999636
M1,IMBALANCE,1,2026-08-04 11:33:00.050000+00:00,2026-08-04 11:38:00.149000+00:00,4064.73,4062.385,-2.3449999999998
M1,IMBALANCE,1,2026-08-04 11:44:00.069000+00:00,2026-08-04 11:49:00.040000+00:00,4065.2,4077.35,12.150000000000091
M1,IMBALANCE,1,2026-08-04 11:45:00.009000+00:00,2026-08-04 11:50:00.017000+00:00,4069.66,4076.36,6.700000000000273
M1,IMBALANCE,1,2026-08-04 11:48:00.007000+00:00,2026-08-04 11:53:00.387000+00:00,4073.79,4076.15,2.3600000000001273
M1,IMBALANCE,1,2026-08-04 11:52:00.034000+00:00,2026-08-04 11:57:00.027000+00:00,4081.635,4071.8,-9.835000000000036
M1,IMBALANCE,-1,2026-08-04 11:53:00.387000+00:00,2026-08-04 11:58:00.086000+00:00,4076.15,4070.73,5.420000000000073
M1,IMBALANCE,1,2026-08-04 13:23:00.040000+00:00,2026-08-04 13:28:00.101000+00:00,4080.25,4079.48,-0.7699999999999818
M1,IMBALANCE,1,2026-08-04 13:24:00.087000+00:00,2026-08-04 13:29:00.017000+00:00,4087.7349999999997,4078.395,-9.33999999999969
M1,IMBALANCE,1,2026-08-04 13:31:00.100000+00:00,2026-08-04 13:36:00.039000+00:00,4082.875,4087.15,4.275000000000091
M1,IMBALANCE,1,2026-08-04 13:36:00.039000+00:00,2026-08-04 13:41:00.176000+00:00,4087.15,4088.06,0.9099999999998545
M1,IMBALANCE,1,2026-08-04 13:49:00.124000+00:00,2026-08-04 13:54:00.103000+00:00,4092.535,4089.465,-3.069999999999709
M1,IMBALANCE,1,2026-08-04 17:06:00.036000+00:00,2026-08-04 17:11:00.250000+00:00,4105.125,4098.225,-6.899999999999636
M1,IMBALANCE,-1,2026-08-04 17:07:00.073000+00:00,2026-08-04 17:12:00.058000+00:00,4101.62,4099.360000000001,2.259999999999309
M1,IMBALANCE,-1,2026-08-04 17:30:00.011000+00:00,2026-08-04 17:35:00.138000+00:00,4094.825,4093.77,1.0549999999998363
M1,IMBALANCE,1,2026-08-05 08:44:00.870000+00:00,2026-08-05 08:49:00.435000+00:00,4166.945,4162.924999999999,-4.020000000000437
M1,IMBALANCE,1,2026-08-05 11:28:00.438000+00:00,2026-08-05 11:33:00.110000+00:00,4176.68,4180.34,3.6599999999998545
M1,IMBALANCE,1,2026-08-05 11:32:00.016000+00:00,2026-08-05 11:37:00.037000+00:00,4180.225,4185.745,5.519999999999527
M1,IMBALANCE,1,2026-08-05 11:37:00.037000+00:00,2026-08-05 11:42:01.309000+00:00,4185.745,4184.605,-1.1400000000003274
M1,IMBALANCE,1,2026-08-05 11:43:00.099000+00:00,2026-08-05 11:48:00.033000+00:00,4187.98,4184.71,-3.269999999999527
M1,IMBALANCE,-1,2026-08-05 11:45:00.060000+00:00,2026-08-05 11:50:00.188000+00:00,4184.93,4185.639999999999,-0.7099999999991269
M1,IMBALANCE,1,2026-08-05 12:06:00.037000+00:00,2026-08-05 12:11:00.017000+00:00,4196.67,4197.99,1.319999999999709
M1,IMBALANCE,-1,2026-08-05 12:20:00.072000+00:00,2026-08-05 12:25:00.110000+00:00,4205.365,4211.305,-5.940000000000509
M1,IMBALANCE,1,2026-08-05 12:21:00.009000+00:00,2026-08-05 12:26:00.276000+00:00,4209.04,4209.4400000000005,0.4000000000005457
M1,IMBALANCE,1,2026-08-05 13:32:00.071000+00:00,2026-08-05 13:37:00.017000+00:00,4200.155,4196.995,-3.1599999999998545
M1,IMBALANCE,-1,2026-08-05 13:36:00.119000+00:00,2026-08-05 13:41:00.182000+00:00,4198.92,4201.105,-2.1849999999994907
M1,IMBALANCE,1,2026-08-05 14:06:00.107000+00:00,2026-08-05 14:11:00.007000+00:00,4217.049999999999,4232.16,15.110000000000582
M1,IMBALANCE,1,2026-08-06 08:01:00.127000+00:00,2026-08-06 08:06:00.043000+00:00,4264.84,4262.094999999999,-2.7450000000008004
M1,IMBALANCE,-1,2026-08-06 08:02:00.175000+00:00,2026-08-06 08:07:00.795000+00:00,4262.505,4263.120000000001,-0.6150000000006912
M1,IMBALANCE,-1,2026-08-06 09:04:00.109000+00:00,2026-08-06 09:09:00.148000+00:00,4279.129999999999,4276.825000000001,2.304999999998472
M1,IMBALANCE,1,2026-08-06 11:01:00.113000+00:00,2026-08-06 11:06:00.123000+00:00,4272.85,4269.764999999999,-3.085000000000946
M1,IMBALANCE,-1,2026-08-06 11:05:00.075000+00:00,2026-08-06 11:10:00.140000+00:00,4268.665000000001,4267.264999999999,1.4000000000014552
M1,IMBALANCE,-1,2026-08-06 11:24:00.100000+00:00,2026-08-06 11:29:02.732000+00:00,4261.415,4263.585,-2.1700000000000728
M1,IMBALANCE,-1,2026-08-06 11:49:00.295000+00:00,2026-08-06 11:54:00.145000+00:00,4256.334999999999,4255.965,0.36999999999898137
M1,IMBALANCE,1,2026-08-06 11:57:00.040000+00:00,2026-08-06 12:02:00.032000+00:00,4261.9,4262.129999999999,0.22999999999956344
M1,IMBALANCE,-1,2026-08-06 12:09:00.009000+00:00,2026-08-06 12:14:00.403000+00:00,4259.110000000001,4258.110000000001,1.0
M1,IMBALANCE,1,2026-08-06 12:21:00.116000+00:00,2026-08-06 12:26:00.011000+00:00,4262.86,4257.77,-5.089999999999236
M1,IMBALANCE,-1,2026-08-06 12:22:01.203000+00:00,2026-08-06 12:27:00.093000+00:00,4260.695,4258.8,1.894999999999527
M1,IMBALANCE,-1,2026-08-06 12:50:00.118000+00:00,2026-08-06 12:55:00.066000+00:00,4255.615,4251.325000000001,4.289999999999054
M1,IMBALANCE,-1,2026-08-06 13:06:00.004000+00:00,2026-08-06 13:11:00.145000+00:00,4248.045,4233.95,14.095000000000255
M1,IMBALANCE,-1,2026-08-06 13:07:00.050000+00:00,2026-08-06 13:12:00.233000+00:00,4244.469999999999,4235.075,9.394999999999527
M1,IMBALANCE,-1,2026-08-06 13:09:00.117000+00:00,2026-08-06 13:14:00.168000+00:00,4241.030000000001,4238.52,2.5100000000002183
M1,IMBALANCE,-1,2026-08-06 13:10:00.052000+00:00,2026-08-06 13:15:00.079000+00:00,4231.764999999999,4238.530000000001,-6.765000000001237
M1,IMBALANCE,-1,2026-08-06 15:54:00.107000+00:00,2026-08-06 15:59:00.023000+00:00,4241.469999999999,4234.95,6.519999999999527
M1,IMBALANCE,-1,2026-08-06 15:55:00.031000+00:00,2026-08-06 16:00:00.037000+00:00,4235.01,4233.82,1.1900000000005093
M1,IMBALANCE,-1,2026-08-06 19:25:00.039000+00:00,2026-08-06 19:30:00.067000+00:00,4240.219999999999,4237.54,2.6799999999993815
M1,IMBALANCE,-1,2026-08-06 19:27:00.039000+00:00,2026-08-06 19:32:00.100000+00:00,4238.54,4237.375,1.1649999999999636
M1,IMBALANCE,1,2026-08-06 19:54:00.091000+00:00,2026-08-06 19:59:00.094000+00:00,4249.51,4248.75,-0.7600000000002183
M1,IMBALANCE,-1,2026-08-06 19:55:00.027000+00:00,2026-08-06 20:00:00.037000+00:00,4247.155,4248.9400000000005,-1.785000000000764
M1,IMBALANCE,1,2026-08-07 08:32:00.204000+00:00,2026-08-07 08:37:00.319000+00:00,4300.049999999999,4301.955,1.9050000000006548
M1,IMBALANCE,1,2026-08-07 08:34:00.104000+00:00,2026-08-07 08:39:00.142000+00:00,4311.445,4305.47,-5.974999999999454
M1,IMBALANCE,-1,2026-08-07 08:36:00.127000+00:00,2026-08-07 08:41:00.384000+00:00,4308.785,4306.995,1.7899999999999636
M1,IMBALANCE,-1,2026-08-07 08:37:00.319000+00:00,2026-08-07 08:42:00.159000+00:00,4301.955,4308.1900000000005,-6.235000000000582
M1,IMBALANCE,1,2026-08-07 11:21:00.269000+00:00,2026-08-07 11:26:00.145000+00:00,4322.91,4325.865,2.9549999999999272
M1,IMBALANCE,-1,2026-08-07 12:15:00.251000+00:00,2026-08-07 12:20:00.124000+00:00,4315.1,4314.5,0.6000000000003638
M1,IMBALANCE,-1,2026-08-07 12:16:00.037000+00:00,2026-08-07 12:21:00.328000+00:00,4312.450000000001,4314.6,-2.149999999999636
M1,IMBALANCE,1,2026-08-07 12:31:00.048000+00:00,2026-08-07 12:36:00.190000+00:00,4353.9349999999995,4358.905,4.970000000000255
M1,IMBALANCE,1,2026-08-07 12:40:00.008000+00:00,2026-08-07 12:45:00.140000+00:00,4364.745,4367.17,2.425000000000182
M1,IMBALANCE,1,2026-08-07 19:01:00.258000+00:00,2026-08-07 19:06:00.002000+00:00,4338.17,4341.0,2.8299999999999272
M1,IMBALANCE,-1,2026-08-07 19:54:00.062000+00:00,2026-08-07 19:59:00.032000+00:00,4344.67,4344.18,0.4899999999997817
M1,IMBALANCE,1,2026-08-07 19:59:00.032000+00:00,2026-08-07 20:04:00.066000+00:00,4344.18,4343.545,-0.6350000000002183
M1,IMBALANCE,-1,2026-08-10 11:14:00.205000+00:00,2026-08-10 11:19:00.118000+00:00,4330.325000000001,4329.175,1.1500000000005457
M1,IMBALANCE,-1,2026-08-10 11:49:00.147000+00:00,2026-08-10 11:54:00.095000+00:00,4333.83,4335.6849999999995,-1.8549999999995634
M1,IMBALANCE,1,2026-08-10 12:02:00.109000+00:00,2026-08-10 12:07:00.644000+00:00,4334.73,4332.85,-1.8799999999991996
M1,IMBALANCE,1,2026-08-10 12:08:00.074000+00:00,2026-08-10 12:13:00.267000+00:00,4336.105,4333.48,-2.625
M1,IMBALANCE,1,2026-08-10 12:32:00.056000+00:00,2026-08-10 12:37:00.129000+00:00,4331.575,4330.43,-1.144999999999527
M1,IMBALANCE,-1,2026-08-10 13:03:00.094000+00:00,2026-08-10 13:08:00.323000+00:00,4326.795,4331.264999999999,-4.469999999999345
M1,IMBALANCE,1,2026-08-10 13:33:00.127000+00:00,2026-08-10 13:38:00.123000+00:00,4335.95,4337.805,1.855000000000473
M1,IMBALANCE,-1,2026-08-10 13:41:00.137000+00:00,2026-08-10 13:46:00.008000+00:00,4335.04,4330.415,4.625
M1,IMBALANCE,-1,2026-08-10 13:47:00.018000+00:00,2026-08-10 13:52:00.226000+00:00,4327.415,4326.355,1.0600000000004002
M1,IMBALANCE,1,2026-08-10 14:01:00.010000+00:00,2026-08-10 14:06:00.017000+00:00,4322.75,4321.955,-0.7950000000000728
M1,IMBALANCE,1,2026-08-10 18:32:00.122000+00:00,2026-08-10 18:37:00.059000+00:00,4376.525,4378.2,1.675000000000182
M1,IMBALANCE,1,2026-08-10 19:26:00.167000+00:00,2026-08-10 19:31:00.195000+00:00,4389.360000000001,4392.844999999999,3.484999999998763
M1,IMBALANCE,1,2026-08-10 19:49:00.134000+00:00,2026-08-10 19:54:00.071000+00:00,4394.095,4392.17,-1.925000000000182
M1,IMBALANCE,-1,2026-08-10 19:56:00.149000+00:00,2026-08-10 20:01:00.283000+00:00,4389.96,4390.1849999999995,-0.2249999999994543
M1,IMBALANCE,-1,2026-08-11 09:22:00.055000+00:00,2026-08-11 09:27:00.125000+00:00,4371.9400000000005,4372.625,-0.6849999999994907
M1,IMBALANCE,1,2026-08-11 09:28:00.009000+00:00,2026-08-11 09:33:00.342000+00:00,4375.264999999999,4374.700000000001,-0.5649999999986903
M1,IMBALANCE,1,2026-08-11 11:02:00+00:00,2026-08-11 11:07:00.119000+00:00,4390.195,4389.6,-0.5949999999993452
M1,IMBALANCE,-1,2026-08-11 11:07:00.119000+00:00,2026-08-11 11:12:00.102000+00:00,4389.6,4389.985000000001,-0.3850000000002183
M1,IMBALANCE,-1,2026-08-11 12:23:00.032000+00:00,2026-08-11 12:28:00.140000+00:00,4394.35,4391.139999999999,3.210000000000946
M1,IMBALANCE,-1,2026-08-11 12:24:00.035000+00:00,2026-08-11 12:29:00.090000+00:00,4388.805,4392.889999999999,-4.084999999999127
M1,IMBALANCE,1,2026-08-11 13:01:00.181000+00:00,2026-08-11 13:06:00.273000+00:00,4396.85,4394.68,-2.1700000000000728
M1,IMBALANCE,-1,2026-08-11 13:34:00.091000+00:00,2026-08-11 13:39:00.243000+00:00,4392.475,4396.305,-3.8299999999999272
M1,IMBALANCE,-1,2026-08-11 15:35:00.050000+00:00,2026-08-11 15:40:00.101000+00:00,4378.08,4371.6,6.479999999999563
M1,IMBALANCE,-1,2026-08-11 18:09:00.072000+00:00,2026-08-11 18:14:02.215000+00:00,4361.74,4363.0,-1.2600000000002183
M1,IMBALANCE,1,2026-08-11 18:11:00.107000+00:00,2026-08-11 18:16:00.076000+00:00,4363.299999999999,4365.66,2.360000000000582
M1,IMBALANCE,-1,2026-08-11 20:00:00.033000+00:00,2026-08-11 20:05:00.150000+00:00,4370.915,4369.985,0.930000000000291
M1,IMBALANCE,1,2026-08-12 06:38:00.116000+00:00,2026-08-12 06:43:00.138000+00:00,4392.595,4395.9349999999995,3.339999999999236
M1,IMBALANCE,1,2026-08-12 09:16:00.038000+00:00,2026-08-12 09:21:00.083000+00:00,4417.975,4414.360000000001,-3.6149999999997817
M1,IMBALANCE,-1,2026-08-12 09:17:00.113000+00:00,2026-08-12 09:22:00.688000+00:00,4415.9400000000005,4413.925,2.0150000000003274
M1,IMBALANCE,1,2026-08-12 09:23:00.013000+00:00,2026-08-12 09:28:00.125000+00:00,4417.54,4415.360000000001,-2.1799999999993815
M1,IMBALANCE,1,2026-08-12 09:24:00.043000+00:00,2026-08-12 09:29:00.065000+00:00,4421.325,4415.38,-5.944999999999709
M1,IMBALANCE,-1,2026-08-12 09:26:00.268000+00:00,2026-08-12 09:31:00.138000+00:00,4419.47,4413.555,5.914999999999964
M1,IMBALANCE,1,2026-08-12 12:28:00.124000+00:00,2026-08-12 12:33:00.117000+00:00,4413.1849999999995,4417.535,4.350000000000364
M1,IMBALANCE,1,2026-08-12 12:30:00.094000+00:00,2026-08-12 12:35:00.047000+00:00,4427.76,4425.225,-2.5349999999998545
M1,IMBALANCE,-1,2026-08-12 12:31:00.028000+00:00,2026-08-12 12:36:00.306000+00:00,4394.3,4416.895,-22.595000000000255
M1,IMBALANCE,1,2026-08-12 12:32:00.061000+00:00,2026-08-12 12:37:00.057000+00:00,4408.7,4420.865,12.164999999999964
M1,IMBALANCE,1,2026-08-12 12:33:00.117000+00:00,2026-08-12 12:38:00.045000+00:00,4417.535,4426.285,8.75
M1,IMBALANCE,1,2026-08-12 12:34:00.074000+00:00,2026-08-12 12:39:00.027000+00:00,4422.135,4423.925,1.7899999999999636
M1,IMBALANCE,-1,2026-08-12 12:36:00.306000+00:00,2026-08-12 12:41:00.029000+00:00,4416.895,4429.08,-12.18499999999949
M1,IMBALANCE,1,2026-08-12 12:38:00.045000+00:00,2026-08-12 12:43:00.143000+00:00,4426.285,4431.645,5.360000000000582
M1,IMBALANCE,1,2026-08-12 12:40:00.116000+00:00,2026-08-12 12:45:00.106000+00:00,4429.225,4428.75,-0.4750000000003638
M1,IMBALANCE,1,2026-08-12 12:43:00.143000+00:00,2026-08-12 12:48:00.011000+00:00,4431.645,4421.360000000001,-10.284999999999854
M1,IMBALANCE,-1,2026-08-12 19:50:00.086000+00:00,2026-08-12 19:55:00.088000+00:00,4409.77,4411.52,-1.75
M1,IMBALANCE,1,2026-08-12 20:00:00.035000+00:00,2026-08-12 20:05:00.080000+00:00,4414.045,4411.195,-2.850000000000364
M1,IMBALANCE,-1,2026-08-13 12:11:00.064000+00:00,2026-08-13 12:16:00.276000+00:00,4388.745000000001,4386.825000000001,1.9200000000000728
M1,IMBALANCE,1,2026-08-13 12:21:00.007000+00:00,2026-08-13 12:26:00.287000+00:00,4389.3150000000005,4384.75,-4.565000000000509
M1,IMBALANCE,1,2026-08-13 12:30:00.043000+00:00,2026-08-13 12:35:00.096000+00:00,4391.23,4392.04,0.8100000000004002
M1,IMBALANCE,-1,2026-08-13 12:32:00.136000+00:00,2026-08-13 12:37:00.029000+00:00,4384.1849999999995,4388.625,-4.440000000000509
M1,IMBALANCE,1,2026-08-13 12:34:00.063000+00:00,2026-08-13 12:39:00.145000+00:00,4389.465,4389.23,-0.23500000000058208
M1,IMBALANCE,-1,2026-08-13 12:41:00.245000+00:00,2026-08-13 12:46:00.112000+00:00,4386.5599999999995,4393.8099999999995,-7.25
M1,IMBALANCE,-1,2026-08-13 13:01:00.199000+00:00,2026-08-13 13:06:00.194000+00:00,4394.049999999999,4395.715,-1.6650000000008731
M1,IMBALANCE,1,2026-08-13 13:08:00.127000+00:00,2026-08-13 13:13:00.257000+00:00,4397.535,4392.805,-4.729999999999563
M1,IMBALANCE,-1,2026-08-13 13:32:00.119000+00:00,2026-08-13 13:37:00.118000+00:00,4383.525,4377.835,5.6899999999996
M1,IMBALANCE,-1,2026-08-13 13:34:00.113000+00:00,2026-08-13 13:39:00.063000+00:00,4380.26,4378.3150000000005,1.944999999999709
M1,IMBALANCE,-1,2026-08-13 19:15:00.001000+00:00,2026-08-13 19:20:00.231000+00:00,4346.93,4347.91,-0.9799999999995634
M1,IMBALANCE,1,2026-08-14 08:01:00.118000+00:00,2026-08-14 08:06:00.003000+00:00,4347.4400000000005,4342.764999999999,-4.675000000001091
M1,IMBALANCE,1,2026-08-14 11:35:00.283000+00:00,2026-08-14 11:40:00.272000+00:00,4361.674999999999,4361.84,0.16500000000087311
M1,IMBALANCE,1,2026-08-14 12:01:00.108000+00:00,2026-08-14 12:06:00.145000+00:00,4371.79,4374.625,2.8350000000000364
M1,IMBALANCE,1,2026-08-14 12:03:00.126000+00:00,2026-08-14 12:08:00.125000+00:00,4373.645,4373.5,-0.14500000000043656
M1,IMBALANCE,1,2026-08-14 12:15:00.048000+00:00,2026-08-14 12:20:00.075000+00:00,4371.8,4372.545,0.7449999999998909
M1,IMBALANCE,1,2026-08-14 12:21:00.312000+00:00,2026-08-14 12:26:00.097000+00:00,4376.495,4380.15,3.6549999999997453
M1,IMBALANCE,-1,2026-08-14 12:33:00.025000+00:00,2026-08-14 12:38:00.145000+00:00,4383.345,4377.9349999999995,5.410000000000764
M1,IMBALANCE,1,2026-08-14 13:04:00.102000+00:00,2026-08-14 13:09:00.102000+00:00,4378.625,4377.05,-1.574999999999818
M1,IMBALANCE,1,2026-08-14 13:31:00.061000+00:00,2026-08-14 13:36:00.219000+00:00,4387.48,4392.585,5.105000000000473
M1,IMBALANCE,1,2026-08-14 13:33:00.068000+00:00,2026-08-14 13:38:00.077000+00:00,4389.84,4394.844999999999,5.0049999999992
M1,IMBALANCE,1,2026-08-14 14:01:00.026000+00:00,2026-08-14 14:06:00.052000+00:00,4392.26,4391.02,-1.2399999999997817
M1,IMBALANCE,-1,2026-08-14 17:30:00.089000+00:00,2026-08-14 17:35:00.065000+00:00,4379.37,4382.805,-3.4350000000004
M1,IMBALANCE,-1,2026-08-14 18:45:00.102000+00:00,2026-08-14 18:50:00.097000+00:00,4376.620000000001,4374.29,2.3300000000008367
M1,IMBALANCE,1,2026-08-14 19:53:00.119000+00:00,2026-08-14 19:58:00.355000+00:00,4378.55,4375.09,-3.4600000000000364
M1,IMBALANCE,-1,2026-08-14 19:56:00.105000+00:00,2026-08-14 20:01:00.033000+00:00,4374.764999999999,4374.42,0.34499999999934516
M1,IMBALANCE,1,2026-08-17 10:30:00.005000+00:00,2026-08-17 10:35:00.172000+00:00,4405.23,4397.625,-7.604999999999563
M1,IMBALANCE,-1,2026-08-17 10:31:00.028000+00:00,2026-08-17 10:36:00.140000+00:00,4400.125,4397.83,2.2950000000000728
M1,IMBALANCE,-1,2026-08-17 10:33:00.054000+00:00,2026-08-17 10:38:00.301000+00:00,4399.514999999999,4396.844999999999,2.6700000000000728
M1,IMBALANCE,-1,2026-08-17 12:27:00.089000+00:00,2026-08-17 12:32:00.084000+00:00,4385.18,4387.610000000001,-2.430000000000291
M1,IMBALANCE,1,2026-08-17 13:01:00.138000+00:00,2026-08-17 13:06:00.442000+00:00,4387.985000000001,4384.25,-3.735000000000582
M1,IMBALANCE,1,2026-08-17 13:52:00.013000+00:00,2026-08-17 13:57:00.142000+00:00,4401.725,4408.9,7.174999999999272
M1,IMBALANCE,1,2026-08-17 13:56:00.135000+00:00,2026-08-17 14:01:00.108000+00:00,4405.77,4405.860000000001,0.09000000000014552
M1,IMBALANCE,1,2026-08-17 17:30:00.083000+00:00,2026-08-17 17:35:01.135000+00:00,4416.46,4417.17,0.7100000000000364
M1,IMBALANCE,1,2026-08-17 19:16:00.081000+00:00,2026-08-17 19:21:00.142000+00:00,4411.674999999999,4415.385,3.710000000000946
M1,IMBALANCE,-1,2026-08-18 07:35:00.362000+00:00,2026-08-18 07:40:00.285000+00:00,4397.0650000000005,4402.125,-5.059999999999491
M1,IMBALANCE,1,2026-08-18 07:36:00.063000+00:00,2026-08-18 07:41:00.034000+00:00,4398.98,4402.63,3.6500000000005457
M1,IMBALANCE,1,2026-08-18 11:58:00.021000+00:00,2026-08-18 12:03:00.146000+00:00,4395.055,4392.79,-2.2650000000003274
M1,IMBALANCE,-1,2026-08-18 12:01:00.012000+00:00,2026-08-18 12:06:00.452000+00:00,4393.455,4396.99,-3.5349999999998545
M1,IMBALANCE,1,2026-08-18 12:05:00.091000+00:00,2026-08-18 12:10:00.050000+00:00,4396.6900000000005,4391.27,-5.420000000000073
M1,IMBALANCE,-1,2026-08-18 12:07:00.093000+00:00,2026-08-18 12:12:01.138000+00:00,4394.695,4391.285,3.4099999999998545
M1,IMBALANCE,-1,2026-08-18 12:08:00.294000+00:00,2026-08-18 12:13:00.143000+00:00,4392.66,4391.755,0.9049999999997453
M1,IMBALANCE,1,2026-08-18 12:21:00.028000+00:00,2026-08-18 12:26:00.093000+00:00,4398.84,4395.084999999999,-3.7550000000010186
M1,IMBALANCE,-1,2026-08-18 13:03:00.122000+00:00,2026-08-18 13:08:00.029000+00:00,4391.075,4390.530000000001,0.5449999999991633
M1,IMBALANCE,1,2026-08-18 13:04:00.009000+00:00,2026-08-18 13:09:00.120000+00:00,4395.135,4389.639999999999,-5.4950000000008
M1,IMBALANCE,1,2026-08-18 13:32:00.070000+00:00,2026-08-18 13:37:00.091000+00:00,4393.04,4399.635,6.595000000000255
M1,IMBALANCE,-1,2026-08-18 13:47:00.010000+00:00,2026-08-18 13:52:00.097000+00:00,4393.645,4390.405000000001,3.2399999999997817
M1,IMBALANCE,-1,2026-08-18 19:45:00.005000+00:00,2026-08-18 19:50:00.037000+00:00,4350.09,4345.985000000001,4.104999999999563
M1,IMBALANCE,1,2026-08-18 19:46:00.045000+00:00,2026-08-18 19:51:00.095000+00:00,4352.785,4345.895,-6.889999999999418
M1,IMBALANCE,-1,2026-08-18 19:49:00.084000+00:00,2026-08-18 19:54:00.111000+00:00,4346.755,4344.52,2.2349999999996726
M1,IMBALANCE,-1,2026-08-18 19:52:00.435000+00:00,2026-08-18 19:57:00.090000+00:00,4342.83,4342.84,-0.010000000000218279
M1,IMBALANCE,1,2026-08-19 06:01:00.081000+00:00,2026-08-19 06:06:00.089000+00:00,4340.665,4338.445,-2.2200000000002547
M1,IMBALANCE,-1,2026-08-19 06:02:00.070000+00:00,2026-08-19 06:07:00.133000+00:00,4336.895,4337.52,-0.625
M1,IMBALANCE,1,2026-08-19 10:18:00.138000+00:00,2026-08-19 10:23:01.478000+00:00,4367.895,4368.049999999999,0.15499999999883585
M1,IMBALANCE,1,2026-08-19 12:21:00.186000+00:00,2026-08-19 12:26:00.836000+00:00,4370.8150000000005,4369.62,-1.1950000000006185
M1,IMBALANCE,-1,2026-08-19 12:24:00.173000+00:00,2026-08-19 12:29:00.164000+00:00,4369.59,4369.985000000001,-0.39500000000043656
M1,IMBALANCE,1,2026-08-19 12:33:00.012000+00:00,2026-08-19 12:38:00.072000+00:00,4373.799999999999,4406.63,32.83000000000084
M1,IMBALANCE,1,2026-08-19 12:34:00.082000+00:00,2026-08-19 12:39:00.047000+00:00,4379.525,4415.25,35.725000000000364
M1,IMBALANCE,1,2026-08-19 12:35:00.102000+00:00,2026-08-19 12:40:00.100000+00:00,4384.6,4412.389999999999,27.789999999999054
M1,IMBALANCE,1,2026-08-19 12:37:00.078000+00:00,2026-08-19 12:42:00.263000+00:00,4395.9349999999995,4409.585,13.650000000000546
M1,IMBALANCE,1,2026-08-19 12:38:00.072000+00:00,2026-08-19 12:43:00.066000+00:00,4406.63,4412.26,5.630000000000109
M1,IMBALANCE,1,2026-08-19 12:39:00.047000+00:00,2026-08-19 12:44:00.023000+00:00,4415.25,4410.785,-4.4650000000001455
M1,IMBALANCE,-1,2026-08-19 12:42:00.263000+00:00,2026-08-19 12:47:00.139000+00:00,4409.585,4414.41,-4.824999999999818
M1,IMBALANCE,1,2026-08-19 12:45:00.046000+00:00,2026-08-19 12:50:00.030000+00:00,4417.34,4417.245,-0.09500000000025466
M1,IMBALANCE,-1,2026-08-19 12:47:00.139000+00:00,2026-08-19 12:52:00.018000+00:00,4414.41,4421.975,-7.565000000000509
M1,IMBALANCE,-1,2026-08-19 12:51:00.020000+00:00,2026-08-19 12:56:00.093000+00:00,4413.725,4427.665,-13.9399999999996
M1,IMBALANCE,1,2026-08-19 12:52:00.018000+00:00,2026-08-19 12:57:00.126000+00:00,4421.975,4437.6849999999995,15.709999999999127
M1,IMBALANCE,1,2026-08-19 18:03:00.283000+00:00,2026-08-19 18:08:00.073000+00:00,4493.26,4489.705,-3.555000000000291
M1,IMBALANCE,-1,2026-08-19 18:06:00.096000+00:00,2026-08-19 18:11:01.554000+00:00,4489.09,4488.66,0.43000000000029104
M1,IMBALANCE,-1,2026-08-20 07:03:00.097000+00:00,2026-08-20 07:08:01.210000+00:00,4488.8150000000005,4488.37,0.44500000000061846
M1,IMBALANCE,1,2026-08-20 07:35:00.074000+00:00,2026-08-20 07:40:00.279000+00:00,4489.92,4490.1,0.18000000000029104
M1,IMBALANCE,1,2026-08-20 08:02:00.183000+00:00,2026-08-20 08:07:00.056000+00:00,4493.205,4493.54,0.3350000000000364
M1,IMBALANCE,1,2026-08-20 08:04:00.359000+00:00,2026-08-20 08:09:00.118000+00:00,4493.945,4493.035,-0.9099999999998545
M1,IMBALANCE,-1,2026-08-20 08:32:00.048000+00:00,2026-08-20 08:37:00.129000+00:00,4487.844999999999,4494.305,-6.460000000000946
M1,IMBALANCE,-1,2026-08-20 11:41:00.001000+00:00,2026-08-20 11:46:00.103000+00:00,4479.1,4471.095,8.00500000000011
M1,IMBALANCE,-1,2026-08-20 11:45:00.044000+00:00,2026-08-20 11:50:00.092000+00:00,4474.995,4471.08,3.9149999999999636
M1,IMBALANCE,-1,2026-08-20 11:46:00.103000+00:00,2026-08-20 11:51:00.175000+00:00,4471.095,4470.75,0.34500000000025466
M1,IMBALANCE,-1,2026-08-20 11:47:00.007000+00:00,2026-08-20 11:52:00.123000+00:00,4468.72,4470.02,-1.300000000000182
M1,IMBALANCE,1,2026-08-20 11:50:00.092000+00:00,2026-08-20 11:55:00.105000+00:00,4471.08,4467.355,-3.725000000000364
M1,IMBALANCE,-1,2026-08-20 11:53:00.051000+00:00,2026-08-20 11:58:00.060000+00:00,4467.83,4467.41,0.42000000000007276
M1,IMBALANCE,-1,2026-08-20 12:01:00.075000+00:00,2026-08-20 12:06:00.318000+00:00,4462.1,4456.315,5.785000000000764
M1,IMBALANCE,-1,2026-08-20 12:02:00.141000+00:00,2026-08-20 12:07:00.004000+00:00,4459.09,4451.335,7.755000000000109
M1,IMBALANCE,-1,2026-08-20 12:07:00.004000+00:00,2026-08-20 12:12:00.158000+00:00,4451.335,4460.66,-9.324999999999818
M1,IMBALANCE,1,2026-08-20 12:11:00.103000+00:00,2026-08-20 12:16:00.147000+00:00,4460.125,4463.73,3.6049999999995634
M1,IMBALANCE,1,2026-08-20 13:01:00.068000+00:00,2026-08-20 13:06:00.148000+00:00,4481.8099999999995,4478.295,-3.514999999999418
M1,IMBALANCE,1,2026-08-20 13:36:00.023000+00:00,2026-08-20 13:41:00.097000+00:00,4483.67,4479.985,-3.6850000000004
M1,IMBALANCE,1,2026-08-20 15:04:00.005000+00:00,2026-08-20 15:09:00.150000+00:00,4535.605,4529.73,-5.875
M1,IMBALANCE,-1,2026-08-20 18:13:00.074000+00:00,2026-08-20 18:18:00.139000+00:00,4510.030000000001,4510.030000000001,-0.0
M1,IMBALANCE,-1,2026-08-21 07:49:02.008000+00:00,2026-08-21 07:54:00.130000+00:00,4564.415000000001,4562.52,1.8950000000004366
M1,IMBALANCE,1,2026-08-21 08:20:00.119000+00:00,2026-08-21 08:25:00.088000+00:00,4572.795,4577.795,5.0
M1,IMBALANCE,1,2026-08-21 08:22:00.093000+00:00,2026-08-21 08:27:00.044000+00:00,4576.42,4579.715,3.2950000000000728
M1,IMBALANCE,1,2026-08-21 08:26:00.116000+00:00,2026-08-21 08:31:00.127000+00:00,4580.585,4578.969999999999,-1.6150000000006912
M1,IMBALANCE,-1,2026-08-21 08:39:00.037000+00:00,2026-08-21 08:44:00.137000+00:00,4578.49,4582.7,-4.210000000000036
M1,IMBALANCE,1,2026-08-21 09:09:00.126000+00:00,2026-08-21 09:14:00.167000+00:00,4593.285,4599.71,6.425000000000182
M1,IMBALANCE,1,2026-08-21 09:10:00.123000+00:00,2026-08-21 09:15:00.110000+00:00,4595.57,4599.445,3.875
M1,IMBALANCE,-1,2026-08-21 11:33:00.117000+00:00,2026-08-21 11:38:00.127000+00:00,4593.965,4602.965,-9.0
M1,IMBALANCE,1,2026-08-21 11:37:00.034000+00:00,2026-08-21 11:42:00.605000+00:00,4601.795,4595.045,-6.75
M1,IMBALANCE,-1,2026-08-21 12:21:00+00:00,2026-08-21 12:26:00.101000+00:00,4584.635,4586.4349999999995,-1.7999999999992724
M1,IMBALANCE,-1,2026-08-21 12:36:00.097000+00:00,2026-08-21 12:41:00.123000+00:00,4571.59,4565.780000000001,5.809999999999491
M1,IMBALANCE,-1,2026-08-21 12:40:00.093000+00:00,2026-08-21 12:45:00.020000+00:00,4564.75,4573.655000000001,-8.905000000000655
M1,IMBALANCE,1,2026-08-21 12:42:00.031000+00:00,2026-08-21 12:47:00.419000+00:00,4571.285,4576.385,5.100000000000364
M1,IMBALANCE,-1,2026-08-21 13:34:00.071000+00:00,2026-08-21 13:39:00.029000+00:00,4577.055,4589.0650000000005,-12.010000000000218
M1,IMBALANCE,1,2026-08-21 13:36:00.179000+00:00,2026-08-21 13:41:00.119000+00:00,4581.455,4589.745000000001,8.290000000000873
M1,IMBALANCE,1,2026-08-21 13:38:00.024000+00:00,2026-08-21 13:43:00.100000+00:00,4587.365,4588.73,1.3649999999997817
M1,IMBALANCE,-1,2026-08-21 17:24:00.102000+00:00,2026-08-21 17:29:00.102000+00:00,4615.49,4622.3150000000005,-6.825000000000728
M1,IMBALANCE,-1,2026-08-21 19:57:00.392000+00:00,2026-08-21 20:02:00.218000+00:00,4619.424999999999,4615.92,3.5049999999991996
M1,IMBALANCE,-1,2026-08-24 11:07:00.129000+00:00,2026-08-24 11:12:00.267000+00:00,4640.02,4640.495,-0.4749999999994543
M1,IMBALANCE,1,2026-08-24 11:35:00.095000+00:00,2026-08-24 11:40:00.160000+00:00,4651.86,4660.235000000001,8.37500000000091
M1,IMBALANCE,1,2026-08-24 11:37:00.081000+00:00,2026-08-24 11:42:00.125000+00:00,4661.925,4659.2,-2.725000000000364
M1,IMBALANCE,-1,2026-08-24 11:40:00.160000+00:00,2026-08-24 11:45:00.048000+00:00,4660.235000000001,4659.005,1.230000000000473
M1,IMBALANCE,-1,2026-08-24 11:42:00.125000+00:00,2026-08-24 11:47:00.097000+00:00,4659.2,4653.305,5.894999999999527
M1,IMBALANCE,-1,2026-08-24 11:44:00.126000+00:00,2026-08-24 11:49:00.037000+00:00,4657.245,4650.785,6.460000000000036
M1,IMBALANCE,1,2026-08-24 12:34:00.158000+00:00,2026-08-24 12:39:00.151000+00:00,4654.42,4663.120000000001,8.700000000000728
M1,IMBALANCE,-1,2026-08-24 13:38:00.027000+00:00,2026-08-24 13:43:00.057000+00:00,4672.620000000001,4669.92,2.7000000000007276
M1,IMBALANCE,1,2026-08-24 13:41:00.101000+00:00,2026-08-24 13:46:00.077000+00:00,4672.29,4664.735000000001,-7.5549999999993815
M1,IMBALANCE,-1,2026-08-24 13:45:00.024000+00:00,2026-08-24 13:50:00.145000+00:00,4658.83,4673.605,-14.774999999999636
M1,IMBALANCE,-1,2026-08-24 15:50:00.181000+00:00,2026-08-24 15:55:00.120000+00:00,4646.85,4653.395,-6.545000000000073
M1,IMBALANCE,1,2026-08-24 16:03:00.158000+00:00,2026-08-24 16:08:00.077000+00:00,4657.555,4659.125,1.569999999999709
M1,IMBALANCE,1,2026-08-24 17:09:00.055000+00:00,2026-08-24 17:14:00.141000+00:00,4654.425,4651.955,-2.4700000000002547
M1,IMBALANCE,-1,2026-08-24 17:22:00.051000+00:00,2026-08-24 17:27:00.076000+00:00,4631.4349999999995,4638.695,-7.260000000000218
M1,IMBALANCE,-1,2026-08-24 17:30:00.080000+00:00,2026-08-24 17:35:00.110000+00:00,4638.525,4637.52,1.0049999999991996
M5,ABSORPTION,1,2026-07-27 12:25:00.054000+00:00,2026-07-27 12:30:00.025000+00:00,4083.2250000000004,4086.685,3.4599999999995816
M5,ABSORPTION,-1,2026-07-27 12:55:00.128000+00:00,2026-07-27 13:00:00.074000+00:00,4083.0249999999996,4083.875,-0.8500000000003638
M5,ABSORPTION,-1,2026-07-27 13:05:00.101000+00:00,2026-07-27 13:10:00.130000+00:00,4083.8,4083.66,0.14000000000032742
M5,ABSORPTION,-1,2026-07-27 13:10:00.130000+00:00,2026-07-27 13:15:00.111000+00:00,4083.66,4085.0950000000003,-1.4350000000004002
M5,ABSORPTION,-1,2026-07-27 13:15:00.111000+00:00,2026-07-27 13:20:00.041000+00:00,4085.0950000000003,4083.87,1.2250000000003638
M5,ABSORPTION,-1,2026-07-27 13:20:00.041000+00:00,2026-07-27 13:25:00.091000+00:00,4083.87,4084.295,-0.4250000000001819
M5,ABSORPTION,-1,2026-07-27 13:45:00.065000+00:00,2026-07-27 13:50:00.103000+00:00,4086.935,4087.465,-0.5300000000002001
M5,ABSORPTION,-1,2026-07-27 13:50:00.103000+00:00,2026-07-27 13:55:00.026000+00:00,4087.465,4083.9350000000004,3.5299999999997453
M5,ABSORPTION,-1,2026-07-27 14:05:00.071000+00:00,2026-07-27 14:10:00.789000+00:00,4075.62,4077.215,-1.5950000000002547
M5,ABSORPTION,1,2026-07-27 14:10:00.789000+00:00,2026-07-27 14:15:00.120000+00:00,4077.215,4077.085,-0.13000000000010914
M5,ABSORPTION,1,2026-07-27 14:15:00.120000+00:00,2026-07-27 14:20:00.013000+00:00,4077.085,4076.325,-0.7600000000002183
M5,ABSORPTION,-1,2026-07-27 14:20:00.013000+00:00,2026-07-27 14:25:00.114000+00:00,4076.325,4073.8,2.524999999999636
M5,ABSORPTION,1,2026-07-27 14:35:00.083000+00:00,2026-07-27 14:40:00.051000+00:00,4067.87,4068.12,0.25
M5,ABSORPTION,-1,2026-07-27 14:40:00.051000+00:00,2026-07-27 14:45:00.061000+00:00,4068.12,4069.025,-0.9050000000002001
M5,ABSORPTION,1,2026-07-28 13:50:00.198000+00:00,2026-07-28 13:55:00.058000+00:00,4025.3050000000003,4027.225,1.919999999999618
M5,ABSORPTION,1,2026-07-28 14:25:00.087000+00:00,2026-07-28 14:30:00.098000+00:00,4017.55,4022.26,4.710000000000036
M5,ABSORPTION,-1,2026-07-28 14:35:00.039000+00:00,2026-07-28 14:40:00.065000+00:00,4020.455,4020.2200000000003,0.23499999999967258
M5,ABSORPTION,-1,2026-07-28 14:40:00.065000+00:00,2026-07-28 14:45:00.371000+00:00,4020.2200000000003,4022.91,-2.6899999999996
M5,ABSORPTION,1,2026-07-28 15:20:00.125000+00:00,2026-07-28 15:25:00.014000+00:00,4035.415,4035.95,0.5349999999998545
M5,ABSORPTION,-1,2026-07-28 15:25:00.014000+00:00,2026-07-28 15:30:00.100000+00:00,4035.95,4035.755,0.19499999999970896
M5,ABSORPTION,1,2026-07-29 13:35:00.054000+00:00,2026-07-29 13:40:00.169000+00:00,4017.29,4016.4300000000003,-0.8599999999996726
M5,ABSORPTION,1,2026-07-29 13:40:00.169000+00:00,2026-07-29 13:45:00.107000+00:00,4016.4300000000003,4013.49,-2.9400000000005093
M5,ABSORPTION,1,2026-07-29 13:50:00.087000+00:00,2026-07-29 13:55:00.095000+00:00,4015.09,4009.17,-5.920000000000073
M5,ABSORPTION,1,2026-07-29 14:00:00.017000+00:00,2026-07-29 14:05:00.074000+00:00,4007.355,4006.345,-1.0100000000002183
M5,ABSORPTION,1,2026-07-29 14:05:00.074000+00:00,2026-07-29 14:10:00.077000+00:00,4006.345,3999.495,-6.849999999999909
M5,ABSORPTION,1,2026-07-29 14:15:00.063000+00:00,2026-07-29 14:20:00.039000+00:00,3999.315,4007.785,8.4699999999998
M5,ABSORPTION,1,2026-07-29 18:55:00.041000+00:00,2026-07-29 19:00:00.099000+00:00,4104.885,4107.355,2.469999999999345
M5,ABSORPTION,-1,2026-07-30 12:45:00.133000+00:00,2026-07-30 12:50:00.019000+00:00,4077.315,4075.45,1.8650000000002365
M5,ABSORPTION,-1,2026-07-30 13:05:00.145000+00:00,2026-07-30 13:10:00.285000+00:00,4068.2200000000003,4073.66,-5.4399999999996
M5,ABSORPTION,-1,2026-07-30 13:45:00.068000+00:00,2026-07-30 13:50:00.182000+00:00,4088.935,4094.895,-5.960000000000036
M5,ABSORPTION,-1,2026-07-30 14:05:00.125000+00:00,2026-07-30 14:10:00.006000+00:00,4107.955,4099.13,8.824999999999818
M5,ABSORPTION,-1,2026-07-31 09:00:00.039000+00:00,2026-07-31 09:05:00.079000+00:00,4061.1,4060.6549999999997,0.4450000000001637
M5,ABSORPTION,-1,2026-07-31 09:05:00.079000+00:00,2026-07-31 09:10:00.002000+00:00,4060.6549999999997,4057.81,2.8449999999998
M5,ABSORPTION,1,2026-07-31 11:20:00.861000+00:00,2026-07-31 11:25:00.110000+00:00,4056.92,4060.715,3.7950000000000728
M5,ABSORPTION,-1,2026-07-31 12:35:00.127000+00:00,2026-07-31 12:40:00.111000+00:00,4048.395,4044.75,3.644999999999982
M5,ABSORPTION,1,2026-07-31 13:05:00.098000+00:00,2026-07-31 13:10:00.016000+00:00,4039.7749999999996,4036.71,-3.0649999999996
M5,ABSORPTION,-1,2026-07-31 13:50:00.103000+00:00,2026-07-31 13:55:00.038000+00:00,4023.355,4028.95,-5.5949999999998
M5,ABSORPTION,1,2026-07-31 14:10:00.006000+00:00,2026-07-31 14:15:00.060000+00:00,4027.19,4032.055,4.864999999999782
M5,ABSORPTION,1,2026-07-31 14:20:00.084000+00:00,2026-07-31 14:25:00.016000+00:00,4033.3199999999997,4035.415,2.0950000000002547
M5,ABSORPTION,-1,2026-07-31 14:25:00.016000+00:00,2026-07-31 14:30:00.112000+00:00,4035.415,4039.04,-3.625
M5,ABSORPTION,1,2026-08-03 11:55:01.757000+00:00,2026-08-03 12:00:00.058000+00:00,4061.25,4062.6450000000004,1.3950000000004366
M5,ABSORPTION,-1,2026-08-03 12:05:00.104000+00:00,2026-08-03 12:10:00.108000+00:00,4060.9,4059.8599999999997,1.0400000000004184
M5,ABSORPTION,1,2026-08-03 12:25:00.227000+00:00,2026-08-03 12:30:00.081000+00:00,4052.465,4051.085,-1.3800000000001091
M5,ABSORPTION,1,2026-08-03 13:30:00.030000+00:00,2026-08-03 13:35:00.036000+00:00,4034.3549999999996,4031.115,-3.2399999999997817
M5,ABSORPTION,1,2026-08-03 13:40:00.089000+00:00,2026-08-03 13:45:00.047000+00:00,4026.745,4032.255,5.510000000000218
M5,ABSORPTION,-1,2026-08-03 13:50:00.045000+00:00,2026-08-03 13:55:00.029000+00:00,4029.825,4030.195,-0.3700000000003456
M5,ABSORPTION,-1,2026-08-03 13:55:00.029000+00:00,2026-08-03 14:00:00.065000+00:00,4030.195,4030.575,-0.3799999999996544
M5,ABSORPTION,-1,2026-08-03 14:05:00.084000+00:00,2026-08-03 14:10:00.071000+00:00,4029.325,4027.21,2.1149999999997817
M5,ABSORPTION,-1,2026-08-03 14:10:00.071000+00:00,2026-08-03 14:15:00.001000+00:00,4027.21,4033.39,-6.179999999999836
M5,ABSORPTION,-1,2026-08-04 11:35:00.107000+00:00,2026-08-04 11:40:00.094000+00:00,4062.475,4063.695,-1.2200000000002547
M5,ABSORPTION,-1,2026-08-04 11:55:00.095000+00:00,2026-08-04 12:00:00.071000+00:00,4075.9300000000003,4075.175,0.7550000000001091
M5,ABSORPTION,1,2026-08-04 12:00:00.071000+00:00,2026-08-04 12:05:00.164000+00:00,4075.175,4068.65,-6.525000000000091
M5,ABSORPTION,-1,2026-08-05 13:10:00.033000+00:00,2026-08-05 13:15:00.645000+00:00,4194.15,4188.225,5.924999999999272
M5,ABSORPTION,1,2026-08-05 13:40:00.097000+00:00,2026-08-05 13:45:00.146000+00:00,4201.16,4198.115,-3.0450000000000728
M5,ABSORPTION,-1,2026-08-05 14:15:00.133000+00:00,2026-08-05 14:20:00.032000+00:00,4229.469999999999,4236.625,-7.155000000000655
M5,ABSORPTION,-1,2026-08-05 14:40:00.055000+00:00,2026-08-05 14:45:00.063000+00:00,4231.745,4243.505,-11.760000000000218
M5,ABSORPTION,-1,2026-08-06 13:00:00.052000+00:00,2026-08-06 13:05:00.436000+00:00,4250.2,4252.379999999999,-2.1799999999993815
M5,ABSORPTION,-1,2026-08-06 13:05:00.436000+00:00,2026-08-06 13:10:00.052000+00:00,4252.379999999999,4231.764999999999,20.61499999999978
M5,ABSORPTION,-1,2026-08-06 13:25:00.108000+00:00,2026-08-06 13:30:00.084000+00:00,4242.925,4247.665000000001,-4.740000000000691
M5,ABSORPTION,-1,2026-08-06 14:00:00.067000+00:00,2026-08-06 14:05:00.008000+00:00,4267.1900000000005,4266.82,0.37000000000080036
M5,ABSORPTION,-1,2026-08-06 14:05:00.008000+00:00,2026-08-06 14:10:00.156000+00:00,4266.82,4265.395,1.4249999999992724
M5,ABSORPTION,-1,2026-08-06 14:10:00.156000+00:00,2026-08-06 14:15:00.119000+00:00,4265.395,4268.27,-2.875
M5,ABSORPTION,-1,2026-08-06 14:15:00.119000+00:00,2026-08-06 14:20:00.049000+00:00,4268.27,4265.655,2.615000000000691
M5,ABSORPTION,1,2026-08-06 14:20:00.049000+00:00,2026-08-06 14:25:00.107000+00:00,4265.655,4262.285,-3.369999999999891
M5,ABSORPTION,1,2026-08-06 16:00:00.037000+00:00,2026-08-06 16:05:00.024000+00:00,4233.82,4238.095,4.275000000000546
M5,ABSORPTION,1,2026-08-07 12:20:00.124000+00:00,2026-08-07 12:25:00.076000+00:00,4314.5,4311.075,-3.425000000000182
M5,ABSORPTION,1,2026-08-07 12:30:00.109000+00:00,2026-08-07 12:35:00.091000+00:00,4310.195,4359.215,49.02000000000044
M5,ABSORPTION,1,2026-08-07 12:40:00.008000+00:00,2026-08-07 12:45:00.140000+00:00,4364.745,4367.17,2.425000000000182
M5,ABSORPTION,-1,2026-08-07 12:45:00.140000+00:00,2026-08-07 12:50:00.108000+00:00,4367.17,4368.719999999999,-1.5499999999992724
M5,ABSORPTION,-1,2026-08-07 12:50:00.108000+00:00,2026-08-07 12:55:00.141000+00:00,4368.719999999999,4364.715,4.0049999999992
M5,ABSORPTION,1,2026-08-07 13:00:00.030000+00:00,2026-08-07 13:05:00.075000+00:00,4361.514999999999,4347.895,-13.619999999998981
M5,ABSORPTION,1,2026-08-07 13:20:00.031000+00:00,2026-08-07 13:25:00.106000+00:00,4347.24,4350.615,3.375
M5,ABSORPTION,1,2026-08-07 14:15:00.110000+00:00,2026-08-07 14:20:00.150000+00:00,4334.54,4346.0599999999995,11.519999999999527
M5,ABSORPTION,-1,2026-08-10 12:35:00.010000+00:00,2026-08-10 12:40:00.307000+00:00,4327.62,4331.385,-3.7650000000003274
M5,ABSORPTION,1,2026-08-10 13:35:00.002000+00:00,2026-08-10 13:40:00.085000+00:00,4337.025,4338.255,1.230000000000473
M5,ABSORPTION,-1,2026-08-10 13:40:00.085000+00:00,2026-08-10 13:45:00.072000+00:00,4338.255,4330.92,7.335000000000036
M5,ABSORPTION,-1,2026-08-10 14:35:00.094000+00:00,2026-08-10 14:40:00.011000+00:00,4347.655000000001,4346.4400000000005,1.2150000000001455
M5,ABSORPTION,-1,2026-08-11 13:05:00.103000+00:00,2026-08-11 13:10:00.088000+00:00,4392.93,4399.095,-6.164999999999964
M5,ABSORPTION,1,2026-08-11 13:20:00.054000+00:00,2026-08-11 13:25:00.088000+00:00,4394.375,4398.004999999999,3.6299999999991996
M5,ABSORPTION,-1,2026-08-11 13:45:00.097000+00:00,2026-08-11 13:50:00.077000+00:00,4400.15,4395.195,4.954999999999927
M5,ABSORPTION,1,2026-08-11 14:10:00.093000+00:00,2026-08-11 14:15:00.091000+00:00,4384.629999999999,4387.09,2.460000000000946
M5,ABSORPTION,1,2026-08-12 12:35:00.047000+00:00,2026-08-12 12:40:00.116000+00:00,4425.225,4429.225,4.0
M5,ABSORPTION,1,2026-08-12 12:40:00.116000+00:00,2026-08-12 12:45:00.106000+00:00,4429.225,4428.75,-0.4750000000003638
M5,ABSORPTION,-1,2026-08-12 12:45:00.106000+00:00,2026-08-12 12:50:00.014000+00:00,4428.75,4421.8,6.949999999999818
M5,ABSORPTION,-1,2026-08-12 13:20:00.082000+00:00,2026-08-12 13:25:00.063000+00:00,4424.4,4417.075,7.324999999999818
M5,ABSORPTION,1,2026-08-12 13:30:00.069000+00:00,2026-08-12 13:35:00.067000+00:00,4418.639999999999,4414.07,-4.569999999999709
M5,ABSORPTION,-1,2026-08-12 13:40:00.092000+00:00,2026-08-12 13:45:00.101000+00:00,4412.01,4416.65,-4.639999999999418
M5,ABSORPTION,1,2026-08-13 12:35:00.096000+00:00,2026-08-13 12:40:00.101000+00:00,4392.04,4390.365,-1.675000000000182
M5,ABSORPTION,1,2026-08-13 12:40:00.101000+00:00,2026-08-13 12:45:00.088000+00:00,4390.365,4392.24,1.875
M5,ABSORPTION,1,2026-08-13 12:45:00.088000+00:00,2026-08-13 12:50:00.017000+00:00,4392.24,4394.955,2.7150000000001455
M5,ABSORPTION,-1,2026-08-13 13:10:00.061000+00:00,2026-08-13 13:15:00.091000+00:00,4393.495,4393.985,-0.4899999999997817
M5,ABSORPTION,-1,2026-08-13 13:50:00.034000+00:00,2026-08-13 13:55:00.068000+00:00,4377.695,4376.375,1.319999999999709
M5,ABSORPTION,1,2026-08-13 13:55:00.068000+00:00,2026-08-13 14:00:00.171000+00:00,4376.375,4373.07,-3.305000000000291
M5,ABSORPTION,-1,2026-08-13 14:05:00.030000+00:00,2026-08-13 14:10:00.082000+00:00,4373.34,4369.4400000000005,3.899999999999636
M5,ABSORPTION,-1,2026-08-13 14:10:00.082000+00:00,2026-08-13 14:15:00.064000+00:00,4369.4400000000005,4371.0599999999995,-1.6199999999989814
M5,ABSORPTION,1,2026-08-13 14:15:00.064000+00:00,2026-08-13 14:20:00.100000+00:00,4371.0599999999995,4375.795,4.735000000000582
M5,ABSORPTION,1,2026-08-13 14:35:00.090000+00:00,2026-08-13 14:40:00.115000+00:00,4374.745,4377.8099999999995,3.0649999999996
M5,ABSORPTION,1,2026-08-14 12:15:00.048000+00:00,2026-08-14 12:20:00.075000+00:00,4371.8,4372.545,0.7449999999998909
M5,ABSORPTION,-1,2026-08-14 12:35:00.093000+00:00,2026-08-14 12:40:00.220000+00:00,4381.41,4377.635,3.774999999999636
M5,ABSORPTION,1,2026-08-14 13:45:00.067000+00:00,2026-08-14 13:50:00.083000+00:00,4393.875,4386.879999999999,-6.9950000000008
M5,ABSORPTION,-1,2026-08-17 12:25:00.008000+00:00,2026-08-17 12:30:00.062000+00:00,4392.9400000000005,4385.855,7.085000000000946
M5,ABSORPTION,-1,2026-08-17 13:40:00.633000+00:00,2026-08-17 13:45:00.004000+00:00,4388.635,4385.719999999999,2.915000000000873
M5,ABSORPTION,1,2026-08-17 14:05:00.111000+00:00,2026-08-17 14:10:00.138000+00:00,4408.1,4405.38,-2.7200000000002547
M5,ABSORPTION,1,2026-08-17 15:05:00.097000+00:00,2026-08-17 15:10:00.021000+00:00,4418.514999999999,4416.915,-1.5999999999994543
M5,ABSORPTION,1,2026-08-17 15:30:00.022000+00:00,2026-08-17 15:35:00.033000+00:00,4425.49,4422.865,-2.625
M5,ABSORPTION,1,2026-08-17 17:30:00.083000+00:00,2026-08-17 17:35:01.135000+00:00,4416.46,4417.17,0.7100000000000364
M5,ABSORPTION,-1,2026-08-18 12:25:00.128000+00:00,2026-08-18 12:30:00.053000+00:00,4395.895,4395.4400000000005,0.45499999999992724
M5,ABSORPTION,1,2026-08-18 13:05:00.416000+00:00,2026-08-18 13:10:00.043000+00:00,4395.84,4389.13,-6.710000000000036
M5,ABSORPTION,-1,2026-08-18 13:25:00.101000+00:00,2026-08-18 13:30:00.106000+00:00,4389.870000000001,4389.3150000000005,0.555000000000291
M5,ABSORPTION,-1,2026-08-18 13:30:00.106000+00:00,2026-08-18 13:35:00.008000+00:00,4389.3150000000005,4396.995,-7.6799999999993815
M5,ABSORPTION,1,2026-08-18 13:35:00.008000+00:00,2026-08-18 13:40:00.030000+00:00,4396.995,4403.014999999999,6.019999999999527
M5,ABSORPTION,-1,2026-08-18 13:45:00.120000+00:00,2026-08-18 13:50:00.055000+00:00,4401.5,4395.025,6.475000000000364
M5,ABSORPTION,1,2026-08-18 15:25:00.067000+00:00,2026-08-18 15:30:00.097000+00:00,4354.594999999999,4355.014999999999,0.42000000000007276
M5,ABSORPTION,-1,2026-08-19 12:25:00.153000+00:00,2026-08-19 12:30:00.048000+00:00,4370.325,4369.395,0.9299999999993815
M5,ABSORPTION,1,2026-08-19 12:50:00.030000+00:00,2026-08-19 12:55:00.025000+00:00,4417.245,4428.55,11.305000000000291
M5,ABSORPTION,1,2026-08-19 13:40:00.026000+00:00,2026-08-19 13:45:00.148000+00:00,4455.97,4460.4400000000005,4.470000000000255
M5,ABSORPTION,1,2026-08-20 11:50:00.092000+00:00,2026-08-20 11:55:00.105000+00:00,4471.08,4467.355,-3.725000000000364
M5,ABSORPTION,-1,2026-08-20 12:00:00.111000+00:00,2026-08-20 12:05:00.029000+00:00,4467.32,4458.3099999999995,9.010000000000218
M5,ABSORPTION,1,2026-08-20 12:10:00.016000+00:00,2026-08-20 12:15:00.071000+00:00,4457.045,4462.59,5.545000000000073
M5,ABSORPTION,-1,2026-08-20 13:05:00.162000+00:00,2026-08-20 13:10:00.028000+00:00,4478.795,4473.83,4.9650000000001455
M5,ABSORPTION,-1,2026-08-20 13:15:00.324000+00:00,2026-08-20 13:20:00.141000+00:00,4473.01,4475.055,-2.0450000000000728
M5,ABSORPTION,1,2026-08-20 13:45:00.076000+00:00,2026-08-20 13:50:00.072000+00:00,4486.9,4482.1849999999995,-4.7150000000001455
M5,ABSORPTION,-1,2026-08-20 14:05:00.091000+00:00,2026-08-20 14:10:00.103000+00:00,4483.59,4484.52,-0.930000000000291
M5,ABSORPTION,1,2026-08-20 14:10:00.103000+00:00,2026-08-20 14:15:00.107000+00:00,4484.52,4485.08,0.5599999999994907
M5,ABSORPTION,-1,2026-08-20 14:15:00.107000+00:00,2026-08-20 14:20:00.113000+00:00,4485.08,4482.24,2.8400000000001455
M5,ABSORPTION,-1,2026-08-20 14:20:00.113000+00:00,2026-08-20 14:25:00.001000+00:00,4482.24,4490.965,-8.725000000000364
M5,ABSORPTION,1,2026-08-20 14:30:00.066000+00:00,2026-08-20 14:35:00.096000+00:00,4491.86,4494.455,2.5950000000002547
M5,ABSORPTION,-1,2026-08-21 11:25:00+00:00,2026-08-21 11:30:00.088000+00:00,4598.15,4598.545,-0.39500000000043656
M5,ABSORPTION,1,2026-08-21 11:30:00.088000+00:00,2026-08-21 11:35:00.272000+00:00,4598.545,4595.165,-3.380000000000109
M5,ABSORPTION,-1,2026-08-21 11:40:00.039000+00:00,2026-08-21 11:45:00.224000+00:00,4597.26,4597.24,0.020000000000436557
M5,ABSORPTION,-1,2026-08-21 12:05:00.177000+00:00,2026-08-21 12:10:00.048000+00:00,4595.860000000001,4593.82,2.040000000000873
M5,ABSORPTION,1,2026-08-21 12:25:00.119000+00:00,2026-08-21 12:30:00.114000+00:00,4585.745,4584.844999999999,-0.9000000000005457
M5,ABSORPTION,-1,2026-08-21 13:10:00.015000+00:00,2026-08-21 13:15:00.008000+00:00,4581.16,4585.1,-3.9400000000005093
M5,ABSORPTION,1,2026-08-21 13:45:00.082000+00:00,2026-08-21 13:50:00.135000+00:00,4586.360000000001,4589.775,3.414999999999054
M5,ABSORPTION,-1,2026-08-21 14:00:00.101000+00:00,2026-08-21 14:05:00.108000+00:00,4581.02,4588.755,-7.734999999999673
M5,ABSORPTION,1,2026-08-21 14:10:00.169000+00:00,2026-08-21 14:15:00.041000+00:00,4587.48,4589.77,2.290000000000873
M5,ABSORPTION,1,2026-08-21 14:20:00.115000+00:00,2026-08-21 14:25:00.026000+00:00,4590.285,4597.915,7.630000000000109
M5,ABSORPTION,-1,2026-08-21 14:45:00.023000+00:00,2026-08-21 14:50:00.187000+00:00,4582.639999999999,4591.5650000000005,-8.925000000001091
M5,ABSORPTION,-1,2026-08-24 11:40:00.160000+00:00,2026-08-24 11:45:00.048000+00:00,4660.235000000001,4659.005,1.230000000000473
M5,ABSORPTION,-1,2026-08-24 11:45:00.048000+00:00,2026-08-24 11:50:00.094000+00:00,4659.005,4649.16,9.845000000000255
M5,ABSORPTION,1,2026-08-24 14:20:00.008000+00:00,2026-08-24 14:25:00.119000+00:00,4665.245,4666.28,1.0349999999998545
