tf,edge,direction,entry_time,atr,liq,minute,agree,boost,entry,exit,pnl
M1,IMBALANCE,-1,2026-07-27 05:34:00+00:00,1.5760714285715298,False,2026-07-27 05:34:00+00:00,1,1.0,4087.145,4088.775,-1.6300000000001091
M1,IMBALANCE,-1,2026-07-27 05:46:00+00:00,1.7353571428571481,False,2026-07-27 05:46:00+00:00,1,1.0,4084.475,4086.365,-1.8899999999998727
M1,IMBALANCE,1,2026-07-27 11:31:00+00:00,1.6774999999999767,True,2026-07-27 11:31:00+00:00,1,1.0,4099.905,4098.215,-1.6899999999995998
M1,IMBALANCE,-1,2026-07-27 12:11:00+00:00,1.4339285714285583,False,2026-07-27 12:11:00+00:00,1,1.0,4091.115,4088.165,2.949999999999818
M1,IMBALANCE,-1,2026-07-27 12:14:00+00:00,1.9121428571428558,False,2026-07-27 12:14:00+00:00,1,1.0,4087.265,4089.265,-2.0
M5,ABSORPTION,-1,2026-07-27 12:55:00+00:00,4.331428571428693,False,2026-07-27 12:55:00+00:00,1,1.0,4082.705,4084.185,-1.4800000000000182
M5,ABSORPTION,-1,2026-07-27 13:05:00+00:00,4.628214285714356,False,2026-07-27 13:05:00+00:00,1,1.0,4083.575,4083.945,-0.3700000000003456
M1,IMBALANCE,-1,2026-07-27 13:07:00+00:00,2.8128571428572156,False,2026-07-27 13:07:00+00:00,1,1.0,4082.055,4084.885,-2.830000000000382
M5,ABSORPTION,-1,2026-07-27 13:10:00+00:00,4.803928571428644,False,2026-07-27 13:10:00+00:00,1,1.0,4083.375,4088.195,-4.820000000000164
M5,ABSORPTION,-1,2026-07-27 13:15:00+00:00,5.038571428571491,False,2026-07-27 13:15:00+00:00,1,1.0,4084.765,4084.205,0.5599999999999454
M5,ABSORPTION,-1,2026-07-27 13:20:00+00:00,5.261428571428594,False,2026-07-27 13:20:00+00:00,1,1.0,4083.535,4084.515,-0.9800000000000182
M1,IMBALANCE,-1,2026-07-27 13:29:00+00:00,2.3510714285714585,False,2026-07-27 13:29:00+00:00,1,1.0,4076.495,4078.935,-2.4400000000000546
M5,ABSORPTION,-1,2026-07-27 13:45:00+00:00,5.488928571428557,False,2026-07-27 13:45:00+00:00,1,1.0,4086.645,4087.755,-1.1100000000001273
M5,ABSORPTION,-1,2026-07-27 13:50:00+00:00,5.605714285714222,False,2026-07-27 13:50:00+00:00,1,1.0,4087.175,4084.155,3.019999999999982
M5,ABSORPTION,-1,2026-07-27 14:05:00+00:00,6.54214285714277,False,2026-07-27 14:05:00+00:00,1,1.0,4075.315,4077.475,-2.1599999999998545
M5,ABSORPTION,-1,2026-07-27 14:20:00+00:00,6.482499999999878,False,2026-07-27 14:20:00+00:00,1,1.0,4076.065,4074.115,1.9500000000002728
M5,ABSORPTION,-1,2026-07-27 14:40:00+00:00,6.059999999999913,False,2026-07-27 14:40:00+00:00,1,1.0,4067.795,4069.315,-1.5199999999999818
M1,IMBALANCE,1,2026-07-27 16:26:00+00:00,1.8482142857141233,False,2026-07-27 16:26:00+00:00,1,1.0,4088.685,4086.695,-1.9899999999997817
M1,IMBALANCE,-1,2026-07-28 00:05:00+00:00,1.5396428571427805,False,2026-07-28 00:05:00+00:00,1,1.0,4065.475,4067.145,-1.6700000000000728
M1,IMBALANCE,-1,2026-07-28 00:06:00+00:00,1.6574999999999298,False,2026-07-28 00:06:00+00:00,1,1.0,4062.965,4064.685,-1.7199999999998
M1,IMBALANCE,-1,2026-07-28 00:16:00+00:00,2.3396428571428323,False,2026-07-28 00:16:00+00:00,1,1.0,4064.985,4066.075,-1.0899999999996908
M1,IMBALANCE,-1,2026-07-28 05:33:00+00:00,1.7221428571428663,False,2026-07-28 05:33:00+00:00,1,1.0,4038.635,4037.275,1.3600000000001273
M1,IMBALANCE,-1,2026-07-28 05:35:00+00:00,1.8357142857143702,False,2026-07-28 05:35:00+00:00,1,1.0,4037.045,4037.515,-0.4699999999997999
M1,IMBALANCE,1,2026-07-28 08:07:00+00:00,1.8400000000000156,False,2026-07-28 08:07:00+00:00,1,1.0,4055.015,4053.135,-1.8799999999996544
M1,IMBALANCE,-1,2026-07-28 09:58:00+00:00,2.0921428571427896,False,2026-07-28 09:58:00+00:00,1,1.0,4020.645,4022.745,-2.099999999999909
M1,IMBALANCE,1,2026-07-28 13:01:00+00:00,1.8571428571427597,False,2026-07-28 13:01:00+00:00,1,1.0,4032.315,4031.295,-1.0199999999999818
M1,IMBALANCE,-1,2026-07-28 13:56:00+00:00,2.7000000000000455,False,2026-07-28 13:56:00+00:00,1,1.0,4024.165,4026.905,-2.7400000000002365
M1,IMBALANCE,-1,2026-07-28 14:22:00+00:00,2.8471428571428987,False,2026-07-28 14:22:00+00:00,1,1.0,4013.235,4016.105,-2.869999999999891
M5,ABSORPTION,-1,2026-07-28 14:35:00+00:00,6.526785714285746,False,2026-07-28 14:35:00+00:00,1,1.0,4020.195,4020.535,-0.33999999999969077
M5,ABSORPTION,-1,2026-07-28 14:40:00+00:00,6.2771428571428975,False,2026-07-28 14:40:00+00:00,1,1.0,4019.905,4023.185,-3.2799999999997453
M1,IMBALANCE,1,2026-07-28 15:21:00+00:00,3.6889285714286024,False,2026-07-28 15:21:00+00:00,1,1.0,4039.825,4036.115,-3.7100000000000364
M5,ABSORPTION,-1,2026-07-28 15:25:00+00:00,5.820000000000034,True,2026-07-28 15:25:00+00:00,1,1.0,4035.615,4035.945,-0.330000000000382
M1,IMBALANCE,-1,2026-07-28 23:04:00+00:00,1.0739285714285611,False,2026-07-28 23:04:00+00:00,1,1.0,4016.495,4017.985,-1.4900000000002365
M1,IMBALANCE,-1,2026-07-29 01:05:00+00:00,2.351071428571361,False,2026-07-29 01:05:00+00:00,1,1.0,4011.545,4014.545,-3.0
M1,IMBALANCE,1,2026-07-29 05:34:00+00:00,1.4785714285713831,False,2026-07-29 05:34:00+00:00,1,1.0,4032.595,4031.075,-1.5199999999999818
M1,IMBALANCE,1,2026-07-29 05:42:00+00:00,1.7689285714284975,False,2026-07-29 05:42:00+00:00,1,1.0,4034.015,4037.565,3.550000000000182
M1,IMBALANCE,-1,2026-07-29 12:17:00+00:00,1.5439285714285234,False,2026-07-29 12:17:00+00:00,1,1.0,4022.095,4022.145,-0.0500000000001819
M1,IMBALANCE,-1,2026-07-29 12:20:00+00:00,2.1778571428570297,False,2026-07-29 12:20:00+00:00,1,1.0,4018.675,4017.375,1.300000000000182
M1,IMBALANCE,-1,2026-07-29 14:01:00+00:00,3.4664285714285534,False,2026-07-29 14:01:00+00:00,1,1.0,4002.975,4006.515,-3.5399999999999636
M1,IMBALANCE,1,2026-07-29 16:56:00+00:00,1.9153571428572118,False,2026-07-29 16:56:00+00:00,1,1.0,4029.535,4030.195,0.6600000000003092
M1,IMBALANCE,1,2026-07-29 16:57:00+00:00,2.0775000000001,False,2026-07-29 16:57:00+00:00,1,1.0,4032.025,4029.905,-2.119999999999891
M1,IMBALANCE,1,2026-07-29 17:01:00+00:00,2.5325000000000273,False,2026-07-29 17:01:00+00:00,1,1.0,4030.655,4035.825,5.169999999999618
M1,IMBALANCE,1,2026-07-29 17:05:00+00:00,3.054285714285665,False,2026-07-29 17:05:00+00:00,1,1.0,4037.305,4038.445,1.1400000000003274
M1,IMBALANCE,1,2026-07-29 18:01:00+00:00,4.5139285714285835,False,2026-07-29 18:01:00+00:00,1,1.0,4077.465,4071.855,-5.610000000000127
M5,ABSORPTION,1,2026-07-29 18:55:00+00:00,14.301428571428621,False,2026-07-29 18:55:00+00:00,1,1.0,4105.255,4106.985,1.7299999999995634
M1,IMBALANCE,-1,2026-07-30 05:19:00+00:00,1.9850000000000623,False,2026-07-30 05:19:00+00:00,1,1.0,4038.995,4041.005,-2.0100000000002183
M1,IMBALANCE,-1,2026-07-30 05:33:00+00:00,2.364642857142891,False,2026-07-30 05:33:00+00:00,1,1.0,4046.975,4049.435,-2.4600000000000364
M1,IMBALANCE,-1,2026-07-30 05:36:00+00:00,2.570357142857152,False,2026-07-30 05:36:00+00:00,1,1.0,4043.175,4037.915,5.260000000000218
M1,IMBALANCE,-1,2026-07-30 05:37:00+00:00,2.6864285714285807,False,2026-07-30 05:37:00+00:00,1,1.0,4040.325,4034.835,5.489999999999782
M1,IMBALANCE,-1,2026-07-30 05:38:00+00:00,3.026428571428596,False,2026-07-30 05:38:00+00:00,1,1.0,4033.555,4032.855,0.6999999999998181
M1,IMBALANCE,1,2026-07-30 13:37:00+00:00,3.8139285714286024,False,2026-07-30 13:37:00+00:00,1,1.0,4084.495,4092.705,8.210000000000036
M1,IMBALANCE,1,2026-07-30 13:38:00+00:00,4.3160714285714095,False,2026-07-30 13:38:00+00:00,1,1.0,4094.355,4090.005,-4.349999999999909
M1,IMBALANCE,1,2026-07-30 20:02:00+00:00,1.6450000000001768,False,2026-07-30 20:02:00+00:00,1,1.0,4115.505,4113.805,-1.699999999999818
M1,IMBALANCE,-1,2026-07-31 00:06:00+00:00,1.7046428571427765,False,2026-07-31 00:06:00+00:00,1,1.0,4103.115,4104.115,-1.0
M1,IMBALANCE,-1,2026-07-31 00:29:00+00:00,1.662500000000039,False,2026-07-31 00:29:00+00:00,1,1.0,4096.225,4097.905,-1.6799999999993815
M1,IMBALANCE,-1,2026-07-31 00:32:00+00:00,1.7360714285715468,False,2026-07-31 00:32:00+00:00,1,1.0,4094.945,4092.865,2.080000000000382
M1,IMBALANCE,-1,2026-07-31 01:15:00+00:00,2.9799999999999858,False,2026-07-31 01:15:00+00:00,1,1.0,4088.695,4091.725,-3.0299999999997453
M1,IMBALANCE,-1,2026-07-31 05:41:00+00:00,1.6082142857143416,False,2026-07-31 05:41:00+00:00,1,1.0,4077.565,4079.175,-1.6100000000001273
M5,ABSORPTION,-1,2026-07-31 09:00:00+00:00,4.485285714285673,False,2026-07-31 09:00:00+00:00,1,1.0,4060.835,4060.875,-0.03999999999996362
M1,IMBALANCE,-1,2026-07-31 09:05:00+00:00,2.207142857142896,False,2026-07-31 09:05:00+00:00,2,2.0,4060.435,4058.065,4.739999999999782
M5,ABSORPTION,-1,2026-07-31 09:05:00+00:00,4.5256428571427865,False,2026-07-31 09:05:00+00:00,2,2.0,4060.435,4058.065,4.739999999999782
M1,IMBALANCE,-1,2026-07-31 12:32:00+00:00,2.279285714285639,False,2026-07-31 12:32:00+00:00,1,1.0,4048.295,4050.615,-2.319999999999709
M5,ABSORPTION,-1,2026-07-31 12:35:00+00:00,4.115714285714213,False,2026-07-31 12:35:00+00:00,1,1.0,4048.165,4045.035,3.130000000000109
M1,IMBALANCE,-1,2026-07-31 13:06:00+00:00,2.5874999999999284,False,2026-07-31 13:06:00+00:00,1,1.0,4036.575,4039.165,-2.5900000000001455
M1,IMBALANCE,-1,2026-07-31 13:31:00+00:00,2.7635714285714976,False,2026-07-31 13:31:00+00:00,1,1.0,4039.635,4039.685,-0.04999999999972715
M1,IMBALANCE,-1,2026-07-31 13:40:00+00:00,3.4725000000001143,False,2026-07-31 13:40:00+00:00,1,1.0,4027.385,4025.345,2.0400000000004184
M5,ABSORPTION,-1,2026-07-31 13:50:00+00:00,5.976785714285695,False,2026-07-31 13:50:00+00:00,1,1.0,4023.175,4029.235,-6.059999999999945
M5,ABSORPTION,-1,2026-07-31 14:25:00+00:00,7.186071428571365,False,2026-07-31 14:25:00+00:00,1,1.0,4035.125,4039.325,-4.199999999999818
M1,IMBALANCE,-1,2026-08-03 05:35:00+00:00,1.698928571428626,False,2026-08-03 05:35:00+00:00,1,1.0,4056.155,4057.865,-1.7099999999995816
M1,IMBALANCE,-1,2026-08-03 07:18:00+00:00,1.986428571428535,False,2026-08-03 07:18:00+00:00,1,1.0,4054.695,4056.895,-2.199999999999818
M1,IMBALANCE,-1,2026-08-03 09:22:00+00:00,1.3735714285712999,False,2026-08-03 09:22:00+00:00,1,1.0,4054.785,4054.855,-0.07000000000016371
M1,IMBALANCE,-1,2026-08-03 09:31:00+00:00,1.8571428571428246,False,2026-08-03 09:31:00+00:00,1,1.0,4049.715,4049.325,0.3900000000003274
M1,IMBALANCE,-1,2026-08-03 12:41:00+00:00,2.1553571428571234,False,2026-08-03 12:41:00+00:00,1,1.0,4043.715,4046.195,-2.480000000000018
M1,IMBALANCE,-1,2026-08-03 13:02:00+00:00,1.9714285714285975,False,2026-08-03 13:02:00+00:00,1,1.0,4045.505,4041.455,4.050000000000182
M1,IMBALANCE,-1,2026-08-03 13:03:00+00:00,2.272142857142821,False,2026-08-03 13:03:00+00:00,1,1.0,4041.645,4044.045,-2.400000000000091
M1,IMBALANCE,-1,2026-08-03 13:07:00+00:00,2.7053571428571104,False,2026-08-03 13:07:00+00:00,1,1.0,4043.165,4044.415,-1.25
M1,IMBALANCE,-1,2026-08-03 13:33:00+00:00,2.5921428571428544,False,2026-08-03 13:33:00+00:00,1,1.0,4030.025,4026.125,3.900000000000091
M1,IMBALANCE,-1,2026-08-03 13:36:00+00:00,2.576428571428518,False,2026-08-03 13:36:00+00:00,1,1.0,4027.575,4022.375,5.199999999999818
M5,ABSORPTION,-1,2026-08-03 13:50:00+00:00,6.222321428571441,False,2026-08-03 13:50:00+00:00,1,1.0,4029.645,4030.445,-0.8000000000001819
M5,ABSORPTION,-1,2026-08-03 13:55:00+00:00,6.185535714285736,False,2026-08-03 13:55:00+00:00,1,1.0,4029.945,4031.235,-1.2899999999999636
M5,ABSORPTION,-1,2026-08-03 14:05:00+00:00,6.7280357142856895,False,2026-08-03 14:05:00+00:00,1,1.0,4029.075,4027.485,1.5899999999996908
M5,ABSORPTION,-1,2026-08-03 14:10:00+00:00,6.856964285714217,False,2026-08-03 14:10:00+00:00,1,1.0,4026.935,4033.815,-6.880000000000109
M1,IMBALANCE,1,2026-08-04 00:01:00+00:00,1.1142857142856752,False,2026-08-04 00:01:00+00:00,1,1.0,4057.655,4059.965,2.3099999999999454
M1,IMBALANCE,1,2026-08-04 00:02:00+00:00,1.3303571428571104,False,2026-08-04 00:02:00+00:00,1,1.0,4061.845,4060.315,-1.5299999999997453
M1,IMBALANCE,1,2026-08-04 00:09:00+00:00,1.9564285714284,False,2026-08-04 00:09:00+00:00,1,1.0,4063.865,4068.765,4.900000000000091
M1,IMBALANCE,1,2026-08-04 00:10:00+00:00,2.230357142856974,False,2026-08-04 00:10:00+00:00,1,1.0,4067.765,4065.515,-2.25
M1,IMBALANCE,1,2026-08-04 05:31:00+00:00,1.494285714285622,False,2026-08-04 05:31:00+00:00,1,1.0,4067.485,4065.985,-1.5
M1,IMBALANCE,1,2026-08-04 07:02:00+00:00,1.4096428571428012,False,2026-08-04 07:02:00+00:00,1,1.0,4065.385,4063.945,-1.4400000000000546
M1,IMBALANCE,1,2026-08-04 08:04:00+00:00,1.5335714285714792,False,2026-08-04 08:04:00+00:00,1,1.0,4072.135,4070.595,-1.5400000000004184
M1,IMBALANCE,1,2026-08-04 11:33:00+00:00,1.448928571428431,False,2026-08-04 11:33:00+00:00,1,1.0,4065.015,4063.565,-1.449999999999818
M1,IMBALANCE,1,2026-08-04 11:44:00+00:00,2.0903571428570364,False,2026-08-04 11:44:00+00:00,1,1.0,4065.485,4063.315,-2.1700000000000728
M1,IMBALANCE,1,2026-08-04 11:45:00+00:00,2.4903571428570297,False,2026-08-04 11:45:00+00:00,1,1.0,4069.905,4067.265,-2.6400000000003274
M1,IMBALANCE,1,2026-08-04 11:48:00+00:00,2.812857142857053,False,2026-08-04 11:48:00+00:00,1,1.0,4074.105,4076.255,2.150000000000091
M1,IMBALANCE,1,2026-08-04 11:52:00+00:00,3.8574999999999755,False,2026-08-04 11:52:00+00:00,1,1.0,4081.975,4078.085,-3.8899999999998727
M5,ABSORPTION,1,2026-08-04 12:00:00+00:00,5.48214285714276,False,2026-08-04 12:00:00+00:00,1,1.0,4075.375,4069.775,-5.599999999999909
M1,IMBALANCE,1,2026-08-04 13:24:00+00:00,3.7914285714285336,False,2026-08-04 13:24:00+00:00,1,1.0,4088.055,4083.815,-4.239999999999782
M1,IMBALANCE,1,2026-08-04 13:31:00+00:00,4.81392857142857,False,2026-08-04 13:31:00+00:00,1,1.0,4083.215,4078.355,-4.860000000000127
M1,IMBALANCE,1,2026-08-04 13:36:00+00:00,5.0078571428571195,False,2026-08-04 13:36:00+00:00,1,1.0,4087.465,4087.765,0.29999999999972715
M1,IMBALANCE,1,2026-08-04 13:49:00+00:00,3.663571428571426,False,2026-08-04 13:49:00+00:00,1,1.0,4092.795,4089.095,-3.700000000000273
M1,IMBALANCE,1,2026-08-04 17:06:00+00:00,1.9371428571426546,False,2026-08-04 17:06:00+00:00,1,1.0,4105.415,4103.385,-2.0299999999997453
M1,IMBALANCE,-1,2026-08-04 23:01:00+00:00,1.9485714285714428,False,2026-08-04 23:01:00+00:00,1,1.0,4071.695,4071.585,0.11000000000012733
M1,IMBALANCE,1,2026-08-05 02:38:00+00:00,3.1728571428570183,False,2026-08-05 02:38:00+00:00,1,1.0,4120.785,4117.175,-3.6099999999996726
M1,IMBALANCE,1,2026-08-05 02:42:00+00:00,3.58428571428554,False,2026-08-05 02:42:00+00:00,1,1.0,4127.925,4124.235,-3.6900000000005093
M5,ABSORPTION,1,2026-08-05 02:50:00+00:00,5.650714285714263,False,2026-08-05 02:50:00+00:00,1,1.0,4130.695,4125.005,-5.6899999999996
M5,ABSORPTION,1,2026-08-05 02:55:00+00:00,5.970357142857113,False,2026-08-05 02:55:00+00:00,1,1.0,4131.675,4128.855,-2.8200000000006185
M1,IMBALANCE,1,2026-08-05 05:38:00+00:00,2.803928571428384,False,2026-08-05 05:38:00+00:00,1,1.0,4151.825,4148.855,-2.9700000000002547
M1,IMBALANCE,1,2026-08-05 05:45:00+00:00,3.494642857142805,False,2026-08-05 05:45:00+00:00,1,1.0,4158.045,4165.215,7.170000000000073
M1,IMBALANCE,1,2026-08-05 05:47:00+00:00,4.030000000000006,False,2026-08-05 05:47:00+00:00,1,1.0,4167.435,4163.385,-4.050000000000182
M1,IMBALANCE,1,2026-08-05 05:52:00+00:00,4.412500000000039,False,2026-08-05 05:52:00+00:00,1,1.0,4170.885,4166.385,-4.5
M1,IMBALANCE,1,2026-08-05 11:28:00+00:00,2.079285714285691,False,2026-08-05 11:28:00+00:00,1,1.0,4176.955,4178.025,1.069999999999709
M1,IMBALANCE,1,2026-08-05 11:32:00+00:00,2.58428571428554,False,2026-08-05 11:32:00+00:00,1,1.0,4180.565,4177.875,-2.6899999999996
M1,IMBALANCE,1,2026-08-05 11:37:00+00:00,2.877142857142644,False,2026-08-05 11:37:00+00:00,1,1.0,4186.065,4183.135,-2.9299999999993815
M1,IMBALANCE,1,2026-08-05 11:43:00+00:00,2.747142857142665,False,2026-08-05 11:43:00+00:00,1,1.0,4188.315,4185.505,-2.8099999999994907
M1,IMBALANCE,1,2026-08-05 12:06:00+00:00,2.0925000000002,False,2026-08-05 12:06:00+00:00,1,1.0,4197.015,4197.655,0.6399999999994179
M1,IMBALANCE,1,2026-08-05 12:21:00+00:00,3.1285714285713118,False,2026-08-05 12:21:00+00:00,1,1.0,4209.365,4209.375,0.010000000000218279
M1,IMBALANCE,1,2026-08-05 13:32:00+00:00,3.0757142857141844,False,2026-08-05 13:32:00+00:00,1,1.0,4200.445,4197.355,-3.0900000000001455
M5,ABSORPTION,1,2026-08-05 13:40:00+00:00,7.64392857142866,False,2026-08-05 13:40:00+00:00,1,1.0,4201.475,4197.655,-3.8200000000006185
M1,IMBALANCE,1,2026-08-05 14:06:00+00:00,3.7132142857141974,False,2026-08-05 14:06:00+00:00,1,1.0,4217.355,4225.835,8.480000000000473
M1,IMBALANCE,1,2026-08-05 23:24:00+00:00,2.357499999999813,False,2026-08-05 23:24:00+00:00,1,1.0,4262.935,4260.345,-2.5900000000001455
M1,IMBALANCE,1,2026-08-05 23:35:00+00:00,1.8035714285714934,False,2026-08-05 23:35:00+00:00,1,1.0,4265.665,4269.425,3.7600000000002183
M1,IMBALANCE,1,2026-08-05 23:36:00+00:00,2.421071428571525,False,2026-08-05 23:36:00+00:00,1,1.0,4274.475,4271.885,-2.5900000000001455
M1,IMBALANCE,1,2026-08-05 23:59:00+00:00,2.9653571428572962,False,2026-08-05 23:59:00+00:00,1,1.0,4280.035,4277.045,-2.9899999999997817
M1,IMBALANCE,1,2026-08-06 00:09:00+00:00,4.142142857142842,False,2026-08-06 00:09:00+00:00,1,1.0,4277.395,4273.225,-4.170000000000073
M1,IMBALANCE,1,2026-08-06 01:02:00+00:00,4.25000000000013,False,2026-08-06 01:02:00+00:00,1,1.0,4301.645,4296.365,-5.280000000000655
M1,IMBALANCE,-1,2026-08-06 05:33:00+00:00,2.244999999999891,False,2026-08-06 05:33:00+00:00,1,1.0,4248.245,4250.635,-2.3900000000003274
M1,IMBALANCE,-1,2026-08-06 11:24:00+00:00,1.9283928571428208,False,2026-08-06 11:24:00+00:00,1,1.0,4261.215,4263.155,-1.9399999999995998
M1,IMBALANCE,-1,2026-08-06 11:49:00+00:00,2.2292857142857168,False,2026-08-06 11:49:00+00:00,1,1.0,4256.065,4258.305,-2.240000000000691
M1,IMBALANCE,-1,2026-08-06 12:09:00+00:00,2.5132142857143793,False,2026-08-06 12:09:00+00:00,1,1.0,4258.795,4258.345,0.4499999999998181
M1,IMBALANCE,-1,2026-08-06 12:22:00+00:00,2.778214285714252,False,2026-08-06 12:22:00+00:00,1,1.0,4260.495,4259.095,1.3999999999996362
M1,IMBALANCE,-1,2026-08-06 13:06:00+00:00,3.1492857142857895,False,2026-08-06 13:06:00+00:00,1,1.0,4247.805,4240.545,7.260000000000218
M1,IMBALANCE,-1,2026-08-06 13:07:00+00:00,3.3975000000000364,False,2026-08-06 13:07:00+00:00,1,1.0,4244.205,4237.035,7.170000000000073
M1,IMBALANCE,-1,2026-08-06 13:09:00+00:00,3.6975000000000233,False,2026-08-06 13:09:00+00:00,1,1.0,4240.765,4233.285,7.480000000000473
M1,IMBALANCE,-1,2026-08-06 13:10:00+00:00,4.248571428571528,False,2026-08-06 13:10:00+00:00,1,1.0,4231.455,4235.745,-4.289999999999964
M1,IMBALANCE,-1,2026-08-06 15:55:00+00:00,3.219642857142844,False,2026-08-06 15:55:00+00:00,1,1.0,4234.725,4234.005,0.7200000000002547
M1,IMBALANCE,-1,2026-08-06 19:27:00+00:00,2.202071428571539,False,2026-08-06 19:27:00+00:00,1,1.0,4238.245,4238.195,0.0500000000001819
M1,IMBALANCE,-1,2026-08-06 19:55:00+00:00,2.2892857142857275,False,2026-08-06 19:55:00+00:00,1,1.0,4246.855,4246.875,-0.020000000000436557
M1,IMBALANCE,1,2026-08-06 23:52:00+00:00,1.3971428571428857,False,2026-08-06 23:52:00+00:00,1,1.0,4251.245,4251.195,-0.0500000000001819
M1,IMBALANCE,1,2026-08-07 05:33:00+00:00,2.0567857142857844,False,2026-08-07 05:33:00+00:00,1,1.0,4271.995,4276.115,4.119999999999891
M1,IMBALANCE,1,2026-08-07 08:32:00+00:00,2.0557142857144624,False,2026-08-07 08:32:00+00:00,1,1.0,4300.325,4304.465,4.140000000000327
M1,IMBALANCE,1,2026-08-07 08:34:00+00:00,2.9292857142857947,False,2026-08-07 08:34:00+00:00,1,1.0,4311.775,4312.955,1.180000000000291
M1,IMBALANCE,1,2026-08-07 11:21:00+00:00,2.2289285714283715,False,2026-08-07 11:21:00+00:00,1,1.0,4323.205,4325.615,2.4099999999998545
M5,ABSORPTION,1,2026-08-07 12:20:00+00:00,4.913214285714146,False,2026-08-07 12:20:00+00:00,1,1.0,4314.785,4310.795,-3.9899999999997817
M5,ABSORPTION,1,2026-08-07 12:30:00+00:00,5.711071428571358,False,2026-08-07 12:30:00+00:00,1,1.0,4311.845,4327.275,15.429999999999382
M1,IMBALANCE,1,2026-08-07 12:40:00+00:00,10.301535714285624,False,2026-08-07 12:40:00+00:00,2,2.0,4365.165,4366.845,3.360000000000582
M5,ABSORPTION,1,2026-08-07 12:40:00+00:00,10.040714285714134,False,2026-08-07 12:40:00+00:00,2,2.0,4365.165,4366.845,3.360000000000582
M5,ABSORPTION,1,2026-08-07 13:00:00+00:00,11.38642857142843,False,2026-08-07 13:00:00+00:00,1,1.0,4361.785,4350.395,-11.389999999999418
M5,ABSORPTION,1,2026-08-07 13:20:00+00:00,12.448928571428496,False,2026-08-07 13:20:00+00:00,1,1.0,4347.485,4350.345,2.860000000000582
M5,ABSORPTION,1,2026-08-07 14:15:00+00:00,9.913571428571556,False,2026-08-07 14:15:00+00:00,1,1.0,4334.805,4345.765,10.960000000000036
M1,IMBALANCE,1,2026-08-07 19:59:00+00:00,1.9171428571428675,False,2026-08-07 19:59:00+00:00,1,1.0,4344.435,4343.215,-1.2200000000002547
M1,IMBALANCE,-1,2026-08-10 01:05:00+00:00,3.727857142856984,False,2026-08-10 01:05:00+00:00,1,1.0,4326.775,4324.645,2.1299999999991996
M1,IMBALANCE,-1,2026-08-10 01:06:00+00:00,4.035714285714221,False,2026-08-10 01:06:00+00:00,1,1.0,4322.665,4326.795,-4.130000000000109
M1,IMBALANCE,1,2026-08-10 05:34:00+00:00,1.9835714285711998,False,2026-08-10 05:34:00+00:00,1,1.0,4338.625,4339.155,0.5299999999997453
M1,IMBALANCE,1,2026-08-10 05:35:00+00:00,2.0232142857140127,False,2026-08-10 05:35:00+00:00,1,1.0,4340.725,4338.595,-2.130000000000109
M1,IMBALANCE,1,2026-08-10 05:41:00+00:00,2.5535714285713635,False,2026-08-10 05:41:00+00:00,1,1.0,4343.625,4340.595,-3.0299999999997453
M1,IMBALANCE,1,2026-08-10 05:52:00+00:00,2.588571428571543,False,2026-08-10 05:52:00+00:00,1,1.0,4351.325,4348.675,-2.649999999999636
M1,IMBALANCE,-1,2026-08-10 11:14:00+00:00,1.4425000000001742,False,2026-08-10 11:14:00+00:00,1,1.0,4330.015,4331.505,-1.4899999999997817
M1,IMBALANCE,-1,2026-08-10 13:03:00+00:00,2.3825000000002285,False,2026-08-10 13:03:00+00:00,1,1.0,4326.505,4328.895,-2.3900000000003274
M5,ABSORPTION,-1,2026-08-10 14:35:00+00:00,6.942857142857195,True,2026-08-10 14:35:00+00:00,1,1.0,4347.345,4346.725,0.6199999999998909
M1,IMBALANCE,1,2026-08-10 18:32:00+00:00,2.2232142857142856,False,2026-08-10 18:32:00+00:00,1,1.0,4376.855,4374.405,-2.449999999999818
M1,IMBALANCE,1,2026-08-10 19:26:00+00:00,1.5403571428569844,False,2026-08-10 19:26:00+00:00,1,1.0,4389.675,4388.105,-1.5700000000006185
M1,IMBALANCE,1,2026-08-10 19:49:00+00:00,2.0689285714286467,False,2026-08-10 19:49:00+00:00,1,1.0,4394.515,4392.165,-2.350000000000364
M1,IMBALANCE,1,2026-08-11 00:04:00+00:00,2.168928571428361,False,2026-08-11 00:04:00+00:00,1,1.0,4402.605,4404.625,2.0200000000004366
M1,IMBALANCE,1,2026-08-11 00:05:00+00:00,2.2536785714283463,False,2026-08-11 00:05:00+00:00,1,1.0,4404.955,4402.695,-2.2600000000002183
M1,IMBALANCE,1,2026-08-11 00:26:00+00:00,1.9846428571429118,False,2026-08-11 00:26:00+00:00,1,1.0,4414.475,4412.165,-2.3100000000004
M1,IMBALANCE,-1,2026-08-11 04:31:00+00:00,1.852142857142683,False,2026-08-11 04:31:00+00:00,1,1.0,4412.455,4414.395,-1.9400000000005093
M1,IMBALANCE,-1,2026-08-11 04:43:00+00:00,2.7585714285713556,False,2026-08-11 04:43:00+00:00,1,1.0,4409.045,4411.105,-2.0599999999994907
M1,IMBALANCE,-1,2026-08-11 05:31:00+00:00,3.0292857142857037,False,2026-08-11 05:31:00+00:00,1,1.0,4380.235,4378.575,1.6599999999998545
M1,IMBALANCE,1,2026-08-11 11:02:00+00:00,1.9392857142854285,False,2026-08-11 11:02:00+00:00,1,1.0,4390.515,4388.465,-2.050000000000182
M5,ABSORPTION,1,2026-08-11 13:20:00+00:00,6.190357142856881,False,2026-08-11 13:20:00+00:00,1,1.0,4394.675,4397.775,3.0999999999994543
M5,ABSORPTION,1,2026-08-11 14:10:00+00:00,7.660357142857135,False,2026-08-11 14:10:00+00:00,1,1.0,4384.905,4386.825,1.9200000000000728
M1,IMBALANCE,-1,2026-08-11 15:35:00+00:00,2.978214285714265,False,2026-08-11 15:35:00+00:00,1,1.0,4377.745,4371.825,5.920000000000073
M1,IMBALANCE,-1,2026-08-11 18:09:00+00:00,2.147857142857382,False,2026-08-11 18:09:00+00:00,1,1.0,4361.465,4363.625,-2.1599999999998545
M1,IMBALANCE,1,2026-08-12 01:04:00+00:00,2.4200000000000728,False,2026-08-12 01:04:00+00:00,1,1.0,4384.965,4382.515,-2.449999999999818
M1,IMBALANCE,1,2026-08-12 02:43:00+00:00,1.9567857142856155,False,2026-08-12 02:43:00+00:00,1,1.0,4407.305,4405.335,-1.9700000000002547
M1,IMBALANCE,1,2026-08-12 02:48:00+00:00,2.2224999999999846,False,2026-08-12 02:48:00+00:00,1,1.0,4410.975,4408.745,-2.230000000000473
M1,IMBALANCE,-1,2026-08-12 05:34:00+00:00,2.275714285714327,False,2026-08-12 05:34:00+00:00,1,1.0,4392.465,4394.795,-2.3299999999999272
M1,IMBALANCE,1,2026-08-12 09:16:00+00:00,1.9785714285712206,False,2026-08-12 09:16:00+00:00,1,1.0,4418.285,4416.275,-2.0100000000002183
M1,IMBALANCE,1,2026-08-12 09:23:00+00:00,2.2382142857142884,False,2026-08-12 09:23:00+00:00,1,1.0,4417.835,4422.335,4.5
M1,IMBALANCE,1,2026-08-12 09:24:00+00:00,2.457499999999982,False,2026-08-12 09:24:00+00:00,1,1.0,4421.615,4419.095,-2.519999999999527
M1,IMBALANCE,-1,2026-08-12 12:31:00+00:00,6.808392857142735,True,2026-08-12 12:31:00+00:00,1,1.0,4393.875,4401.835,-7.960000000000036
M5,ABSORPTION,1,2026-08-12 12:35:00+00:00,8.105714285714514,True,2026-08-12 12:35:00+00:00,1,1.0,4425.615,4417.475,-8.139999999999418
M1,IMBALANCE,1,2026-08-12 12:38:00+00:00,10.84910714285713,False,2026-08-12 12:38:00+00:00,1,1.0,4426.695,4431.275,4.579999999999927
M5,ABSORPTION,1,2026-08-12 12:40:00+00:00,8.651071428571672,False,2026-08-12 12:40:00+00:00,2,2.0,4429.645,4428.415,-2.460000000000946
M1,IMBALANCE,1,2026-08-12 12:40:00+00:00,11.525178571428569,False,2026-08-12 12:40:00+00:00,2,2.0,4429.645,4428.415,-2.460000000000946
M1,IMBALANCE,1,2026-08-12 12:43:00+00:00,11.75660714285719,False,2026-08-12 12:43:00+00:00,1,1.0,4432.015,4420.175,-11.840000000000146
M5,ABSORPTION,1,2026-08-12 13:30:00+00:00,13.852857142857115,False,2026-08-12 13:30:00+00:00,1,1.0,4418.945,4413.705,-5.239999999999782
M1,IMBALANCE,1,2026-08-13 00:00:00+00:00,1.1432142857144885,False,2026-08-13 00:00:00+00:00,1,1.0,4414.745,4413.575,-1.1700000000000728
M1,IMBALANCE,1,2026-08-13 00:07:00+00:00,1.898928571428444,False,2026-08-13 00:07:00+00:00,1,1.0,4419.485,4419.605,0.11999999999989086
M1,IMBALANCE,1,2026-08-13 00:08:00+00:00,1.947857142856979,False,2026-08-13 00:08:00+00:00,1,1.0,4420.665,4418.655,-2.0100000000002183
M1,IMBALANCE,1,2026-08-13 00:16:00+00:00,2.014642857142787,False,2026-08-13 00:16:00+00:00,1,1.0,4423.895,4427.925,4.029999999999745
M1,IMBALANCE,1,2026-08-13 00:24:00+00:00,2.5982142857142856,False,2026-08-13 00:24:00+00:00,1,1.0,4437.545,4434.655,-2.8900000000003274
M1,IMBALANCE,1,2026-08-13 00:34:00+00:00,3.1828571428571064,False,2026-08-13 00:34:00+00:00,1,1.0,4434.265,4440.995,6.729999999999563
M1,IMBALANCE,1,2026-08-13 00:35:00+00:00,4.060714285714312,False,2026-08-13 00:35:00+00:00,1,1.0,4444.495,4440.375,-4.119999999999891
M1,IMBALANCE,-1,2026-08-13 05:42:00+00:00,2.8953571428571974,False,2026-08-13 05:42:00+00:00,1,1.0,4395.015,4389.025,5.990000000000691
M1,IMBALANCE,-1,2026-08-13 05:43:00+00:00,3.1117857142858156,False,2026-08-13 05:43:00+00:00,1,1.0,4391.045,4384.745,6.300000000000182
M1,IMBALANCE,-1,2026-08-13 05:44:00+00:00,3.3110714285714624,False,2026-08-13 05:44:00+00:00,1,1.0,4388.265,4387.765,0.5
M1,IMBALANCE,-1,2026-08-13 05:47:00+00:00,3.123928571428613,False,2026-08-13 05:47:00+00:00,1,1.0,4383.985,4387.185,-3.2000000000007276
M1,IMBALANCE,1,2026-08-13 13:08:00+00:00,3.531428571428413,False,2026-08-13 13:08:00+00:00,1,1.0,4397.865,4394.305,-3.5599999999994907
M5,ABSORPTION,-1,2026-08-13 14:05:00+00:00,7.50249999999999,False,2026-08-13 14:05:00+00:00,1,1.0,4373.045,4369.745,3.300000000000182
M5,ABSORPTION,-1,2026-08-13 14:10:00+00:00,7.621428571428559,False,2026-08-13 14:10:00+00:00,1,1.0,4369.135,4371.325,-2.1899999999996
M1,IMBALANCE,-1,2026-08-13 19:15:00+00:00,1.5810714285715741,False,2026-08-13 19:15:00+00:00,1,1.0,4346.625,4346.075,0.5500000000001819
M1,IMBALANCE,-1,2026-08-14 00:27:00+00:00,2.4328571428571064,False,2026-08-14 00:27:00+00:00,1,1.0,4341.585,4344.335,-2.75
M1,IMBALANCE,-1,2026-08-14 00:39:00+00:00,3.277142857142865,False,2026-08-14 00:39:00+00:00,1,1.0,4335.795,4339.155,-3.3599999999996726
M1,IMBALANCE,-1,2026-08-14 01:02:00+00:00,3.8235714285713454,False,2026-08-14 01:02:00+00:00,1,1.0,4333.405,4333.395,0.009999999999308784
M1,IMBALANCE,-1,2026-08-14 01:11:00+00:00,3.462499999999896,False,2026-08-14 01:11:00+00:00,1,1.0,4323.855,4325.675,-1.8200000000006185
M1,IMBALANCE,-1,2026-08-14 01:25:00+00:00,3.391785714285756,False,2026-08-14 01:25:00+00:00,1,1.0,4316.225,4319.765,-3.5399999999999636
M1,IMBALANCE,-1,2026-08-14 05:08:00+00:00,1.4682142857141116,False,2026-08-14 05:08:00+00:00,1,1.0,4321.565,4322.285,-0.7200000000002547
M1,IMBALANCE,-1,2026-08-14 05:31:00+00:00,1.6199999999998909,False,2026-08-14 05:31:00+00:00,1,1.0,4311.915,4313.555,-1.6400000000003274
M1,IMBALANCE,1,2026-08-14 11:35:00+00:00,1.7142857142859742,False,2026-08-14 11:35:00+00:00,1,1.0,4361.905,4360.175,-1.7299999999995634
M1,IMBALANCE,1,2026-08-14 12:01:00+00:00,1.6964285714286365,False,2026-08-14 12:01:00+00:00,1,1.0,4372.075,4370.375,-1.699999999999818
M1,IMBALANCE,1,2026-08-14 12:03:00+00:00,1.838571428571413,False,2026-08-14 12:03:00+00:00,1,1.0,4373.915,4373.215,-0.6999999999998181
M1,IMBALANCE,1,2026-08-14 12:15:00+00:00,2.1996428571429925,False,2026-08-14 12:15:00+00:00,2,2.0,4372.085,4369.875,-4.420000000000073
M5,ABSORPTION,1,2026-08-14 12:15:00+00:00,4.075714285714379,False,2026-08-14 12:15:00+00:00,2,2.0,4372.085,4372.265,0.3600000000005821
M1,IMBALANCE,1,2026-08-14 12:21:00+00:00,2.3153571428571404,False,2026-08-14 12:21:00+00:00,1,1.0,4376.775,4379.885,3.110000000000582
M1,IMBALANCE,1,2026-08-14 13:04:00+00:00,2.3389285714285637,False,2026-08-14 13:04:00+00:00,1,1.0,4378.875,4376.535,-2.3400000000001455
M1,IMBALANCE,1,2026-08-14 13:31:00+00:00,2.1507142857142623,False,2026-08-14 13:31:00+00:00,1,1.0,4387.755,4385.455,-2.300000000000182
M1,IMBALANCE,1,2026-08-14 13:33:00+00:00,2.360357142857083,False,2026-08-14 13:33:00+00:00,1,1.0,4390.145,4387.585,-2.5600000000004
M5,ABSORPTION,1,2026-08-14 13:45:00+00:00,5.580714285714358,False,2026-08-14 13:45:00+00:00,1,1.0,4394.155,4388.545,-5.609999999999673
M1,IMBALANCE,1,2026-08-14 14:01:00+00:00,2.8553571428572986,False,2026-08-14 14:01:00+00:00,1,1.0,4392.575,4389.695,-2.880000000000109
M1,IMBALANCE,1,2026-08-17 00:59:00+00:00,2.0035714285712465,False,2026-08-17 00:59:00+00:00,1,1.0,4402.325,4400.195,-2.130000000000109
M1,IMBALANCE,1,2026-08-17 01:04:00+00:00,3.3357142857140127,False,2026-08-17 01:04:00+00:00,1,1.0,4406.795,4409.545,2.75
M1,IMBALANCE,1,2026-08-17 01:07:00+00:00,3.697142857142548,False,2026-08-17 01:07:00+00:00,1,1.0,4410.485,4406.785,-3.699999999999818
M1,IMBALANCE,1,2026-08-17 05:32:00+00:00,2.337500000000091,False,2026-08-17 05:32:00+00:00,1,1.0,4400.505,4397.925,-2.5799999999999272
M1,IMBALANCE,1,2026-08-17 05:38:00+00:00,2.5035714285713766,False,2026-08-17 05:38:00+00:00,1,1.0,4395.355,4395.485,0.13000000000010914
M1,IMBALANCE,-1,2026-08-17 12:27:00+00:00,2.473571428571501,False,2026-08-17 12:27:00+00:00,1,1.0,4384.845,4387.405,-2.5599999999994907
M5,ABSORPTION,1,2026-08-17 15:05:00+00:00,7.13571428571452,False,2026-08-17 15:05:00+00:00,1,1.0,4418.815,4416.605,-2.2100000000000364
M5,ABSORPTION,1,2026-08-17 15:30:00+00:00,5.6471428571427555,False,2026-08-17 15:30:00+00:00,1,1.0,4425.685,4422.595,-3.0900000000001455
M1,IMBALANCE,1,2026-08-18 00:04:00+00:00,2.0639285714285376,False,2026-08-18 00:04:00+00:00,1,1.0,4424.145,4422.075,-2.0700000000006185
M1,IMBALANCE,1,2026-08-18 00:05:00+00:00,2.137500000000013,False,2026-08-18 00:05:00+00:00,1,1.0,4425.735,4423.545,-2.1899999999996
M1,IMBALANCE,1,2026-08-18 01:00:00+00:00,1.5214285714284546,False,2026-08-18 01:00:00+00:00,1,1.0,4434.885,4432.965,-1.9200000000000728
M1,IMBALANCE,1,2026-08-18 01:06:00+00:00,3.0839285714284546,False,2026-08-18 01:06:00+00:00,1,1.0,4435.005,4431.645,-3.3599999999996726
M1,IMBALANCE,-1,2026-08-18 01:49:00+00:00,2.6242857142856337,False,2026-08-18 01:49:00+00:00,1,1.0,4405.655,4408.295,-2.6400000000003274
M5,ABSORPTION,1,2026-08-18 01:55:00+00:00,5.549999999999662,True,2026-08-18 01:55:00+00:00,1,1.0,4408.615,4407.575,-1.0399999999999636
M1,IMBALANCE,-1,2026-08-18 05:35:00+00:00,1.907142857142779,False,2026-08-18 05:35:00+00:00,1,1.0,4386.425,4388.355,-1.9299999999993815
M1,IMBALANCE,1,2026-08-18 07:36:00+00:00,1.5914285714284884,False,2026-08-18 07:36:00+00:00,1,1.0,4399.245,4402.465,3.2200000000002547
M5,ABSORPTION,-1,2026-08-18 12:25:00+00:00,3.966785714285639,True,2026-08-18 12:25:00+00:00,1,1.0,4395.615,4395.725,-0.11000000000058208
M5,ABSORPTION,-1,2026-08-18 13:25:00+00:00,5.59214285714305,False,2026-08-18 13:25:00+00:00,1,1.0,4389.645,4389.575,0.07000000000061846
M5,ABSORPTION,-1,2026-08-18 13:30:00+00:00,5.72821428571446,False,2026-08-18 13:30:00+00:00,1,1.0,4389.055,4376.804,12.251000000000204
M1,IMBALANCE,-1,2026-08-18 19:45:00+00:00,1.7025000000001325,False,2026-08-18 19:45:00+00:00,1,1.0,4349.835,4351.635,-1.800000000000182
M1,IMBALANCE,-1,2026-08-18 19:49:00+00:00,2.1535714285714675,False,2026-08-18 19:49:00+00:00,1,1.0,4346.505,4345.055,1.449999999999818
M1,IMBALANCE,-1,2026-08-18 19:52:00+00:00,2.5689285714287116,False,2026-08-18 19:52:00+00:00,1,1.0,4342.515,4345.165,-2.649999999999636
M1,IMBALANCE,-1,2026-08-19 05:31:00+00:00,2.035714285714026,False,2026-08-19 05:31:00+00:00,1,1.0,4339.885,4339.775,0.11000000000058208
M1,IMBALANCE,-1,2026-08-19 05:35:00+00:00,2.610714285713974,False,2026-08-19 05:35:00+00:00,1,1.0,4338.265,4340.985,-2.719999999999345
M1,IMBALANCE,-1,2026-08-19 05:46:00+00:00,3.177142857142696,False,2026-08-19 05:46:00+00:00,1,1.0,4338.935,4337.275,1.660000000000764
M1,IMBALANCE,-1,2026-08-19 06:02:00+00:00,2.490357142857257,False,2026-08-19 06:02:00+00:00,1,1.0,4336.695,4339.265,-2.5700000000006185
M1,IMBALANCE,1,2026-08-19 10:18:00+00:00,1.4039285714284884,False,2026-08-19 10:18:00+00:00,1,1.0,4368.205,4366.795,-1.4099999999998545
M1,IMBALANCE,1,2026-08-19 12:21:00+00:00,2.132142857142818,False,2026-08-19 12:21:00+00:00,1,1.0,4371.115,4368.915,-2.199999999999818
M1,IMBALANCE,1,2026-08-19 12:33:00+00:00,2.459285714285865,False,2026-08-19 12:33:00+00:00,1,1.0,4374.115,4379.065,4.949999999999818
M1,IMBALANCE,1,2026-08-19 12:34:00+00:00,2.766428571428605,False,2026-08-19 12:34:00+00:00,1,1.0,4379.905,4385.505,5.600000000000364
M1,IMBALANCE,1,2026-08-19 12:35:00+00:00,2.941428571428657,False,2026-08-19 12:35:00+00:00,1,1.0,4384.915,4390.872,5.957000000000335
M1,IMBALANCE,1,2026-08-19 12:37:00+00:00,3.6942857142857326,False,2026-08-19 12:37:00+00:00,1,1.0,4396.205,4403.615,7.4099999999998545
M1,IMBALANCE,1,2026-08-19 12:38:00+00:00,4.38035714285713,False,2026-08-19 12:38:00+00:00,1,1.0,4406.965,4415.845,8.88000000000011
M1,IMBALANCE,1,2026-08-19 12:39:00+00:00,4.976428571428512,False,2026-08-19 12:39:00+00:00,1,1.0,4415.595,4410.345,-5.25
M1,IMBALANCE,1,2026-08-19 12:45:00+00:00,7.430714285714203,False,2026-08-19 12:45:00+00:00,1,1.0,4417.685,4416.905,-0.7800000000006548
M5,ABSORPTION,1,2026-08-19 12:50:00+00:00,8.21214285714281,False,2026-08-19 12:50:00+00:00,1,1.0,4417.585,4428.205,10.61999999999989
M1,IMBALANCE,1,2026-08-19 12:52:00+00:00,7.2585714285712255,False,2026-08-19 12:52:00+00:00,1,1.0,4422.305,4437.365,15.05999999999949
M5,ABSORPTION,1,2026-08-19 13:40:00+00:00,15.245357142856912,False,2026-08-19 13:40:00+00:00,1,1.0,4456.305,4459.935,3.630000000000109
M1,IMBALANCE,-1,2026-08-20 01:00:00+00:00,2.538571428571686,False,2026-08-20 01:00:00+00:00,1,1.0,4504.395,4507.485,-3.089999999999236
M1,IMBALANCE,-1,2026-08-20 01:02:00+00:00,3.1807142857143975,False,2026-08-20 01:02:00+00:00,1,1.0,4499.855,4493.445,6.4099999999998545
M1,IMBALANCE,-1,2026-08-20 01:03:00+00:00,3.4982142857143765,False,2026-08-20 01:03:00+00:00,1,1.0,4494.785,4495.755,-0.9700000000002547
M1,IMBALANCE,-1,2026-08-20 01:07:00+00:00,3.5600000000001404,False,2026-08-20 01:07:00+00:00,1,1.0,4491.685,4495.435,-3.75
M1,IMBALANCE,-1,2026-08-20 01:11:00+00:00,4.111071428571449,False,2026-08-20 01:11:00+00:00,1,1.0,4493.915,4498.065,-4.149999999999636
M1,IMBALANCE,-1,2026-08-20 11:41:00+00:00,2.1471428571429505,False,2026-08-20 11:41:00+00:00,1,1.0,4478.825,4474.485,4.3400000000001455
M1,IMBALANCE,-1,2026-08-20 11:45:00+00:00,2.416428571428696,False,2026-08-20 11:45:00+00:00,1,1.0,4474.715,4469.795,4.920000000000073
M1,IMBALANCE,-1,2026-08-20 11:46:00+00:00,2.711071428571618,False,2026-08-20 11:46:00+00:00,1,1.0,4470.805,4469.865,0.9400000000005093
M1,IMBALANCE,-1,2026-08-20 11:47:00+00:00,2.8053571428573116,False,2026-08-20 11:47:00+00:00,1,1.0,4468.475,4471.315,-2.839999999999236
M1,IMBALANCE,-1,2026-08-20 11:53:00+00:00,3.139285714285961,False,2026-08-20 11:53:00+00:00,1,1.0,4467.535,4470.905,-3.369999999999891
M1,IMBALANCE,-1,2026-08-20 12:01:00+00:00,3.130000000000174,False,2026-08-20 12:01:00+00:00,1,1.0,4461.875,4455.585,6.289999999999964
M1,IMBALANCE,-1,2026-08-20 12:02:00+00:00,3.134285714285852,False,2026-08-20 12:02:00+00:00,1,1.0,4458.845,4452.365,6.480000000000473
M1,IMBALANCE,-1,2026-08-20 12:07:00+00:00,3.4014285714286934,False,2026-08-20 12:07:00+00:00,1,1.0,4451.075,4454.505,-3.430000000000291
M5,ABSORPTION,-1,2026-08-20 13:05:00+00:00,7.863571428571569,False,2026-08-20 13:05:00+00:00,1,1.0,4478.535,4474.095,4.4399999999996
M5,ABSORPTION,-1,2026-08-20 13:15:00+00:00,7.515357142857218,False,2026-08-20 13:15:00+00:00,1,1.0,4472.725,4475.335,-2.6099999999996726
M5,ABSORPTION,-1,2026-08-20 14:05:00+00:00,7.386428571428626,False,2026-08-20 14:05:00+00:00,1,1.0,4483.295,4484.765,-1.4700000000002547
M5,ABSORPTION,-1,2026-08-20 14:15:00+00:00,7.082857142857198,False,2026-08-20 14:15:00+00:00,1,1.0,4484.885,4482.545,2.3400000000001455
M1,IMBALANCE,1,2026-08-20 15:04:00+00:00,4.993928571428569,False,2026-08-20 15:04:00+00:00,1,1.0,4535.895,4530.805,-5.0900000000001455
M1,IMBALANCE,1,2026-08-20 23:10:00+00:00,1.5960714285712518,False,2026-08-20 23:10:00+00:00,1,1.0,4527.795,4531.565,3.769999999999527
M1,IMBALANCE,1,2026-08-20 23:13:00+00:00,1.8796428571427637,False,2026-08-20 23:13:00+00:00,1,1.0,4531.935,4530.025,-1.910000000000764
M1,IMBALANCE,-1,2026-08-21 00:30:00+00:00,2.3235714285713454,False,2026-08-21 00:30:00+00:00,1,1.0,4514.365,4516.845,-2.480000000000473
M1,IMBALANCE,-1,2026-08-21 01:05:00+00:00,2.5842857142856053,False,2026-08-21 01:05:00+00:00,1,1.0,4512.805,4515.595,-2.7899999999999636
M1,IMBALANCE,1,2026-08-21 05:56:00+00:00,2.4622857142857617,False,2026-08-21 05:56:00+00:00,1,1.0,4552.275,4552.985,0.7100000000000364
M1,IMBALANCE,1,2026-08-21 08:20:00+00:00,2.3225000000000233,False,2026-08-21 08:20:00+00:00,1,1.0,4573.105,4577.795,4.690000000000509
M1,IMBALANCE,1,2026-08-21 08:22:00+00:00,2.523214285714338,False,2026-08-21 08:22:00+00:00,1,1.0,4576.675,4574.115,-2.5600000000004
M1,IMBALANCE,1,2026-08-21 08:26:00+00:00,2.681071428571613,False,2026-08-21 08:26:00+00:00,1,1.0,4580.845,4578.655,-2.1900000000005093
M1,IMBALANCE,1,2026-08-21 09:09:00+00:00,2.1660714285713505,False,2026-08-21 09:09:00+00:00,1,1.0,4593.595,4598.275,4.6799999999993815
M1,IMBALANCE,1,2026-08-21 09:10:00+00:00,2.314285714285558,False,2026-08-21 09:10:00+00:00,1,1.0,4595.845,4599.155,3.3099999999994907
M1,IMBALANCE,1,2026-08-21 11:37:00+00:00,2.6060714285714703,False,2026-08-21 11:37:00+00:00,1,1.0,4602.075,4599.425,-2.649999999999636
M5,ABSORPTION,1,2026-08-21 12:25:00+00:00,6.089642857142865,False,2026-08-21 12:25:00+00:00,1,1.0,4585.945,4584.625,-1.319999999999709
M1,IMBALANCE,-1,2026-08-21 12:40:00+00:00,3.277857142857166,False,2026-08-21 12:40:00+00:00,1,1.0,4564.475,4567.935,-3.4600000000000364
M5,ABSORPTION,1,2026-08-21 13:45:00+00:00,8.491428571428514,False,2026-08-21 13:45:00+00:00,1,1.0,4587.515,4589.515,2.0
M5,ABSORPTION,1,2026-08-21 14:10:00+00:00,8.76107142857141,False,2026-08-21 14:10:00+00:00,1,1.0,4587.695,4589.535,1.8400000000001455
M5,ABSORPTION,1,2026-08-21 14:20:00+00:00,8.476428571428512,False,2026-08-21 14:20:00+00:00,1,1.0,4590.565,4597.665,7.100000000000364
M1,IMBALANCE,-1,2026-08-24 00:01:00+00:00,3.2654999999999745,False,2026-08-24 00:01:00+00:00,1,1.0,4620.265,4623.535,-3.269999999999527
M1,IMBALANCE,1,2026-08-24 11:35:00+00:00,2.5349999999999846,False,2026-08-24 11:35:00+00:00,1,1.0,4652.235,4657.635,5.400000000000546
M1,IMBALANCE,1,2026-08-24 11:37:00+00:00,4.0803571428570775,False,2026-08-24 11:37:00+00:00,1,1.0,4662.085,4665.135,3.050000000000182
M1,IMBALANCE,1,2026-08-24 12:34:00+00:00,4.244285714285719,False,2026-08-24 12:34:00+00:00,1,1.0,4654.705,4662.805,8.100000000000364
M1,IMBALANCE,1,2026-08-24 13:41:00+00:00,4.850892857142883,False,2026-08-24 13:41:00+00:00,1,1.0,4672.605,4667.675,-4.9299999999993815
M5,ABSORPTION,1,2026-08-24 14:20:00+00:00,10.61642857142871,False,2026-08-24 14:20:00+00:00,1,1.0,4665.625,4665.865,0.23999999999978172
M1,IMBALANCE,-1,2026-08-24 17:22:00+00:00,4.44035714285714,False,2026-08-24 17:22:00+00:00,1,1.0,4631.015,4635.655,-4.639999999999418
M1,IMBALANCE,-1,2026-08-24 17:30:00+00:00,5.1299999999999795,False,2026-08-24 17:30:00+00:00,1,1.0,4638.105,4637.935,0.16999999999916326
M1,IMBALANCE,1,2026-08-24 23:16:00+00:00,1.4225714285715054,False,2026-08-24 23:16:00+00:00,1,1.0,4676.215,4674.705,-1.5100000000002183
M1,IMBALANCE,1,2026-08-24 23:51:00+00:00,1.8250000000002728,False,2026-08-24 23:51:00+00:00,1,1.0,4682.185,4680.355,-1.8300000000008367
